id товара,наименование,ссылка на товар,регулярная цена,промо цена,бренд
1021714,"
		                Functional Nutrition Indor Корм для домашних кошек старше 1 года, с курицей и индейкой, 1,5 кг	                ",https://4lapy.ru/catalog/koshki/korm-koshki/sukhoy/Mealfeel_suhoy_korm_dlya_koshek_Indoor_kuritsey_i_indeykoy.html?offer=44335,1649,825₽,Mealfeel
1021703,"
		                Adult Сухой корм для взрослых кошек, с курицей, 8 кг	                ",https://4lapy.ru/catalog/koshki/korm-koshki/sukhoy/Wellkiss_suhoy_korm_dlya_koshek_Senior_s_yagnenkom.html?offer=44339,Отсутствует,2500₽,Wellkiss
1021702,"
		                Sterilized Сухой корм для стерилизованных кошек, с ягненком, 3 кг	                ",https://4lapy.ru/catalog/koshki/korm-koshki/sukhoy/korm-sukhoy-dlya-sterilizovannykh-koshek-s-yagnenkom-8-kg.html?offer=44341,Отсутствует,1125₽,Wellkiss
1054528,"
		                Adult Exigent Корм сухой для привередливых кошек, с индейкой, 8 кг	                ",https://4lapy.ru/catalog/koshki/korm-koshki/sukhoy/korm-suhoy-dlya-priveredlivyh-koshek-s-indeykoy.html?offer=148192,Отсутствует,2924₽,Wellkiss
1018445,"
		                Kitten Сухой корм для котят, с курицей, 400 гр.	                ",https://4lapy.ru/catalog/koshki/korm-koshki/sukhoy/Wellkiss_korm_suhoy_korm_dlya_kotyat_kuritsey.html?offer=44160,Отсутствует,210₽,Wellkiss
1039281,"
		                Sterilized Корм сухой для стерилизованных кошек, с тунцом, 1.5 кг	                ",https://4lapy.ru/catalog/koshki/korm-koshki/sukhoy/korm-suhoy-dlya-sterilizovannyh-koshek-s-tuncom.html?offer=110849,1199,899₽,Wellkiss
1050751,"
		                Adult Sterilized Classic Сухой корм для стерилизованных кошек, с курицей, 4 кг	                ",https://4lapy.ru/catalog/koshki/korm-koshki/sukhoy/classic-korm-dlya-sterilizovannyh-koshek-s-kuricey.html?offer=138270,Отсутствует,2169₽,Ownat
1044812,"
		                Adult Sterilized Корм сухой беззерновой для стерилизованных кошек, с курицей, 3 кг	                ",https://4lapy.ru/catalog/koshki/korm-koshki/sukhoy/just-korm-dlya-sterilizovannyh-koshek-bezzernovoy-s-kuricey.html?offer=124629,Отсутствует,2745₽,Ownat
1000715,"
		                Sterilised 37 сухой корм для стерилизованных кошек с 1 до 7 лет, 2 кг	                ",https://4lapy.ru/catalog/koshki/korm-koshki/sukhoy/Royal_Canin_Sterilised_37_suhoy_korm_dlya_sterilizovannyh_koshek.html?offer=45708,449,2275₽,Royal Canin
1054523,"
		                Adult Sterilized Корм сухой для стерилизованных кошек, с ягненком, 8 кг	                ",https://4lapy.ru/catalog/koshki/korm-koshki/sukhoy/korm-suhoy-dlya-koshek-steril-s-yagnenkom.html?offer=148185,Отсутствует,2924₽,Wellkiss
1040175,"
		                Сухой корм для стерилизованных кошек, четыре вида мяса, 2 кг	                ",https://4lapy.ru/catalog/koshki/korm-koshki/sukhoy/suhoy-korm-grandorf-dlya-sterilizovannyh-koshek-chetyre-vida-myasa-s-burym-risom-400g.html?offer=112529,Отсутствует,2569₽,Grandorf
1043146,"
		                N&D PRIME сухой корм для стерилизованных кошек, с курицей и гранатом, 1,5кг	                ",https://4lapy.ru/catalog/koshki/korm-koshki/sukhoy/farmina-n-d-prime-cat-neutered-chicken-pomegranate-adult-300g.html?offer=119901,Отсутствует,2725₽,Farmina
1027893,"
		                Sterilised корм для стерилизованных кошек с пониженным содержанием калорий, с курицей, 1,5 кг	                ",https://4lapy.ru/catalog/koshki/korm-koshki/sukhoy/monge-cat-sterilised-korm-dlya-sterilizovannyh-koshek-1-5-kg.html?offer=81095,Отсутствует,1615₽,Monge
1042263,"
		                Adult Sterilized Ultra Сухой корм для стерилизованных кошек, с индейкой, 1,5 кг	                ",https://4lapy.ru/catalog/koshki/korm-koshki/sukhoy/ultra-korm-dlya-sterilizovannyh-koshek-s-indeykoy.html?offer=117421,Отсутствует,1695₽,Ownat
1054710,"
		                Корм сухой для стерилизованных кошек, с лососем, 1,5 кг	                ",https://4lapy.ru/catalog/koshki/korm-koshki/sukhoy/korm-suhoy-dlya-sterilizovannyh-koshek-s-lososem.html?offer=148712,1499,1274₽,Mealfeel
1044815,"
		                Adult Grain Free Сухой корм для взрослых кошек, с курицей и индейкой, 1 кг	                ",https://4lapy.ru/catalog/koshki/korm-koshki/sukhoy/gf-prime-korm-suhoy-dlya-vzroslyh-koshek-s-kuricey-i-indeykoy.html?offer=124631,Отсутствует,1245₽,Ownat
1054714,"
		                Корм сухой для стерилизованных кошек, с ягненком, 7,5 кг	                ",https://4lapy.ru/catalog/koshki/korm-koshki/sukhoy/korm-suhoy-dlya-sterilizovannyh-koshek-s-yagnenkom1.html?offer=148720,Отсутствует,6799₽,Mealfeel
1026803,"
		                Sterilised 7+ корм для стерилизованных кошек старше 7 лет, 1,5 кг	                ",https://4lapy.ru/catalog/koshki/korm-koshki/sukhoy/korm-suhoy-dlya-koshek-royal-kanin-sterilayzd-7-pak-400-g.html?offer=77326,Отсутствует,1707₽,Royal Canin
1040167,"
		                Сухой корм для домашних кошек, ягненок с индейкой, 2 кг	                ",https://4lapy.ru/catalog/koshki/korm-koshki/sukhoy/suhoy-korm-grandorf-dlya-domashnih-koshek-yagnenok-s-risom-400g.html?offer=112517,Отсутствует,2365₽,Grandorf
1027904,"
		                Monoprotein Sterilised корм для стерилизованных кошек, с уткой, 1,5 кг	                ",https://4lapy.ru/catalog/koshki/korm-koshki/sukhoy/monge-cat-monoprotein-sterilized-duck-korm-dlya-sterilizovannyh-koshek-s-u.html?offer=81113,Отсутствует,1719₽,Monge
1040784,"
		                Adult Sterilized Grain Free Сухой корм для стерилизованных кошек, с курицей и индейкой, 1 кг	                ",https://4lapy.ru/catalog/koshki/korm-koshki/sukhoy/ownat-gf-prime-dlya-sterilizovannyh-koshek-1-kg.html?offer=113385,Отсутствует,1315₽,Ownat
1004622,"
		                Delicate сухой корм для взрослых кошек при чувствительном пищеварении с индейкой, 1,5 кг	                ",https://4lapy.ru/catalog/koshki/korm-koshki/sukhoy/Pro_Plan_Delicate_suhoy_korm_dlya_koshek_s_chuvstvitelnym_pishchevareniem_indeykaris.html?offer=43214,Отсутствует,1492₽,Pro Plan ®
1040173,"
		                Сухой корм для домашних кошек, четыре вида мяса, 2 кг	                ",https://4lapy.ru/catalog/koshki/korm-koshki/sukhoy/suhoy-korm-grandorf-dlya-domashnih-koshek-chetyre-vida-myasa-s-burym-risom-400g.html?offer=112526,Отсутствует,2569₽,Grandorf
1043142,"
		                N&D PRIME сухой корм для кошек, с ягненком и черникой, 1,5кг	                ",https://4lapy.ru/catalog/koshki/korm-koshki/sukhoy/farmina-n-d-prime-cat-lamb-blueberry-adult-300g.html?offer=119896,Отсутствует,2725₽,Farmina
1004621,"
		                Sterilised Сухой корм для взрослых кошек для поддержания здоровья почек после стерилизации, с кроликом, 1,5 кг	                ",https://4lapy.ru/catalog/koshki/korm-koshki/sukhoy/Pro_Plan_After_Care_suhoy_korm_dlya_kastrirovannyhsterilizovannyh_koshek_kuritsakrolik.html?offer=41891,Отсутствует,1492₽,Pro Plan ®
1000862,"
		                Urinary S/O LP34 корм для кошек при заболеваниях дистального отдела мочевыделительной системы, 1,5 кг	                ",https://4lapy.ru/catalog/koshki/korm-koshki/sukhoy/Royal_Canin_Urinary_SO_dieticheskiy_suhoy_korm_dlya_koshek_pri_MKB.html?offer=42570,Отсутствует,2285₽,Royal Canin
1043181,"
		                Vet Life Gastrointestinal диетический сухой корм для кошек при заболеваниях ЖКТ, с курицей, 2кг	                ",https://4lapy.ru/catalog/koshki/korm-koshki/sukhoy/vet-life-natural-diet-cat-gastro-intestinal-400-gr.html?offer=120008,Отсутствует,3045₽,Farmina
1000002,"
		                Sterilised сухой корм для взрослых кошек для поддержания здоровья почек после стерилизации с лососем, 1,5 кг	                ",https://4lapy.ru/catalog/koshki/korm-koshki/sukhoy/Pro_Plan_After_Care_suhoy_korm_dlya_kastrirovannyhsterilizovannyh_koshekosostunets.html?offer=41879,1755,1492₽,Pro Plan ®
1028267,"
		                Urinary корм для кошек для профилактики мочекаменной болезни, с курицей, 1,5 кг	                ",https://4lapy.ru/catalog/koshki/korm-koshki/sukhoy/monge-cat-urinary-korm-dlya-koshek-profilaktika-mkb-1-5-kg.html?offer=82035,Отсутствует,1615₽,Monge
1054707,"
		                Корм сухой для кошек с чувствительным пищеварением, с индейкой и лососем, 1,5 кг	                ",https://4lapy.ru/catalog/koshki/korm-koshki/sukhoy/korm-suhoy-dlya-koshek-s-chuvstvitelnym-pishchevareniem-s-indeykoy-i-lososem.html?offer=148706,Отсутствует,1499₽,Mealfeel
1050748,"
		                Classic Сухой корм для кошек Ежедневная забота, с курицей, 1.5 кг	                ",https://4lapy.ru/catalog/koshki/korm-koshki/sukhoy/classic-korm-dlya-koshek-daily-care-s-kuricey.html?offer=138252,Отсутствует,825₽,Ownat
1003903,"
		                Maine Coon Adult корм для кошек породы мейн-кун старше 15 месяцев, 2 кг	                ",https://4lapy.ru/catalog/koshki/korm-koshki/sukhoy/Royal_Canin_31_Adult_suhoy_korm_dlya_koshek_porody_Meyn_Kun.html?offer=41942,Отсутствует,2737₽,Royal Canin
1051884,"
		                Indoor Сухой корм для кошек, с ягненком, 1,5 кг	                ",https://4lapy.ru/catalog/koshki/korm-koshki/sukhoy/indoor-suhoy-korm-dlya-koshek-s-yagnenkom.html?offer=140799,1599,1279₽,Grandin
1054703,"
		                Корм сухой для котят, с курицей и индейкой, 1,5 кг	                ",https://4lapy.ru/catalog/koshki/korm-koshki/sukhoy/korm-suhoy-dlya-kotyat-s-kuricey-i-indeykoy.html?offer=148698,1499,1274₽,Mealfeel
1040165,"
		                Сухой корм для котят, ягненок с индейкой, 2 кг	                ",https://4lapy.ru/catalog/koshki/korm-koshki/sukhoy/suhoy-korm-grandorf-dlya-kotyat-yagnenok-s-risom-400g.html?offer=112514,Отсутствует,2365₽,Grandorf
1003547,"
		                Gastro Intestinal GI32 корм для кошек при лечении ЖКТ, 2 кг	                ",https://4lapy.ru/catalog/koshki/korm-koshki/sukhoy/Royal_Canin_Gastro_Intestinal_GI_32_dieticheskiy_suhoy_korm_dlya_koshek_pri_narusheniyah_pishchevareniya.html?offer=48181,Отсутствует,3395₽,Royal Canin
1016698,"
		                Sterilised сухой корм для пожилых кошек для стерилизованных с индейкой, 1,5 кг	                ",https://4lapy.ru/catalog/koshki/korm-koshki/sukhoy/Pro_Plan_Sterilised_suhoy_korm_dlya_koshek_starshe_7et_indeyka.html?offer=41900,1755,1492₽,Pro Plan ®
1040169,"
		                Сухой корм для стерилизованных кошек, кролик с индейкой, 2кг	                ",https://4lapy.ru/catalog/koshki/korm-koshki/sukhoy/suhoy-korm-grandorf-dlya-sterilizovannyh-koshek-krolik-s-risom-400g.html?offer=112520,Отсутствует,2365₽,Grandorf
1000111,"
		                Science Plan Sterilised Cat сухой корм для кошек и котят, с курицей, 1,5кг	                ",https://4lapy.ru/catalog/koshki/korm-koshki/sukhoy/Hills_suhoy_korm_dlya_kastrirovannyh_kotov_6_mes_6et.html?offer=46720,Отсутствует,1699₽,Hill's
1050318,"
		                OCEAN CAT корм сухой для стерилизованных кошек и кастрированных котов, с сельдью и апельсином, 1,5кг	                ",https://4lapy.ru/catalog/koshki/korm-koshki/sukhoy/farmina-n-d-oushen-ket-seld-i-apelsin-dlya-sterilizovannyh-koshek-i-kastrirovannyh-kotov-300g.html?offer=137187,Отсутствует,2915₽,Farmina
1039532,"
		                Superpremium Cat Sterilized корм для стерилизованных кошек с курицей, 10кг	                ",https://4lapy.ru/catalog/koshki/korm-koshki/sukhoy/korm-dlya-sterilizovannyh-koshek-s-kuricey.html?offer=111434,Отсутствует,8195₽,Monge
1002589,"
		                Kitten 36 корм для котят в возрасте от 4 до 12 мес, 2 кг	                ",https://4lapy.ru/catalog/koshki/korm-koshki/sukhoy/Royal_Canin_Kitten_36_suhoy_korm_dlya_kotyat_vozrast_do_12_mes_i_beremennyh_koshek.html?offer=41926,Отсутствует,1999₽,Royal Canin
1040171,"
		                Сухой корм для домашних кошек, белая рыба с индейкой, 2 кг	                ",https://4lapy.ru/catalog/koshki/korm-koshki/sukhoy/suhoy-korm-grandorf-dlya-domashnih-koshek-belaya-ryba-s-burym-risom-400g.html?offer=112523,Отсутствует,2365₽,Grandorf
1040789,"
		                Ultra Корм для кошек, с курицей и рисом, 1,5 кг	                ",https://4lapy.ru/catalog/koshki/korm-koshki/sukhoy/ultra-korm-dlya-koshek-s-kuricey-i-risom.html?offer=113391,Отсутствует,1645₽,Ownat
1050749,"
		                Adult Classic Корм сухой для кошек, с рыбой, 1.5 кг	                ",https://4lapy.ru/catalog/koshki/korm-koshki/sukhoy/classic-korm-dlya-koshek-s-ryboy.html?offer=138258,Отсутствует,925₽,Ownat
1027896,"
		                Adult корм для кошек в возрасте от 1 года до 7 лет, с курицей, 1,5 кг	                ",https://4lapy.ru/catalog/koshki/korm-koshki/sukhoy/monge-cat-korm-dlya-vzroslyh-koshek-1-5-kg.html?offer=81100,Отсутствует,1547₽,Monge
1004832,"
		                Veterinary Diets EN ST/OX Gastrointestinal сухой корм для котят и взрослых кошек для снижения проявлений кишечных расстройств, 1,5 кг	                ",https://4lapy.ru/catalog/koshki/korm-koshki/sukhoy/Purina_Veterinary_Diets_EN_dieticheskiy_suhoy_korm_dlya_koshek_pri_patologiyah_GKT.html?offer=42552,Отсутствует,2827₽,Purina
1045492,"
		                Monoprotein Sterilised Beef корм для стерилизованных кошек с говядиной, 1.5кг	                ",https://4lapy.ru/catalog/koshki/korm-koshki/sukhoy/korm-dlya-sterilizovannyh-koshek-s-govyadinoy.html?offer=125969,Отсутствует,1727₽,Monge
1054023,"
		                Adult Sterilized Sensitive сухой корм для стерилизованных кошек с тунцом, 1,5 кг	                ",https://4lapy.ru/catalog/koshki/korm-koshki/sukhoy/korm-suhoy-dlya-sterilizovannyh-koshek-s-tuncom1.html?offer=146995,Отсутствует,1069₽,UNICA
1000718,"
		                Exigent 35/30 Savour Sensation корм для кошек, привередливых к вкусу продукта, 2 кг	                ",https://4lapy.ru/catalog/koshki/korm-koshki/sukhoy/Royal_Canin_Exigent_3530_Savour_Sensation_suhoy_korm_suhoy_dlya_priveredlivyh_koshek.html?offer=45725,535,2407₽,Royal Canin
1043180,"
		                Vet Life Struvite диетический сухой корм для кошек при мочекаменной болезни, с курицей, 2кг	                ",https://4lapy.ru/catalog/koshki/korm-koshki/sukhoy/vet-life-natural-diet-cat-struvite-400-gr.html?offer=120007,Отсутствует,3045₽,Farmina
1056879,"
		                Sterilized Grain free Корм сухой для стерилизованных кошек, с курицей, 10 кг	                ",https://4lapy.ru/catalog/koshki/korm-koshki/sukhoy/korm-suhoy-dlya-sterilizovannyh-koshek-s-kuricey1.html?offer=155686,Отсутствует,8999₽,Grandin
1000001,"
		                Sterilised сухой корм для взрослых кошек для поддержания здоровья почек после стерилизации с индейкой, 1,5 кг	                ",https://4lapy.ru/catalog/koshki/korm-koshki/sukhoy/Pro_Plan_After_Care_suhoy_korm_dlya_kastrirovannyhsterilizovannyh_koshek_indeykakuritsa.html?offer=42922,Отсутствует,1492₽,Pro Plan ®
1004588,"
		                Fibre Response FR31 диета для кошек при нарушениях пищеварения, 2 кг	                ",https://4lapy.ru/catalog/koshki/korm-koshki/sukhoy/Royal_Canin_Fibre_Response_FR31_dieticheskiy_suhoy_korm_dlya_koshek_pri_zabolevaniyah_GKT.html?offer=42589,Отсутствует,3769₽,Royal Canin
1002394,"
		                Veterinary Diets UR ST/OX Urinary сухой корм для взрослых кошек для взрослых кошек при болезни нижних отделов мочевыводящих путей, с курицей, 1,5 кг	                ",https://4lapy.ru/catalog/koshki/korm-koshki/sukhoy/Purina_Veterinary_Diets_UR_dieticheskiy_suhoy_korm_dlya_koshek_pri_MKB.html?offer=42548,Отсутствует,2569₽,Purina
1043130,"
		                N&D PRIME сухой корм для котят, с курицей и гранатом, 1,5кг	                ",https://4lapy.ru/catalog/koshki/korm-koshki/sukhoy/farmina-n-d-prime-cat-chicken-pomegranate-kitten-300g.html?offer=119881,Отсутствует,2995₽,Farmina
1002271,"
		                Veterinary Diets HA ST/OX Hypoallergenic сухой корм для котят и взрослых кошек для всех пород для снижения пищевой непереносимости ингредиентов и питательных веществ, 1,3 кг	                ",https://4lapy.ru/catalog/koshki/korm-koshki/sukhoy/Purina_Veterinary_Diets_NA_dieticheskiy_suhoy_korm_dlya_koshek_dlya_profilaktiki_allergii.html?offer=42544,Отсутствует,2895₽,Purina
1054705,"
		                Корм сухой для кошек старше 7 лет, с курицей и индейкой, 1,5 кг	                ",https://4lapy.ru/catalog/koshki/korm-koshki/sukhoy/korm-suhoy-dlya-koshek-starshe-7-let-s-kuricey-i-indeykoy.html?offer=148702,1499,1274₽,Mealfeel
1000714,"
		                Sensible 33 сухой корм для кошек с чувствительной пищеварительной системой в возрасте с 1 года до 7 лет, 2 кг	                ",https://4lapy.ru/catalog/koshki/korm-koshki/sukhoy/Royal_Canin_Sensible_33_suhoy_korm_dlya_koshek_pri_chuvstvitelnom_pishchevarenii.html?offer=45709,449,2275₽,Royal Canin
1027894,"
		                Kitten корм для здорового роста котят в возрасте от 1 до 12 месяцев, беременных и кормящих кошек, с курицей, 1,5 кг	                ",https://4lapy.ru/catalog/koshki/korm-koshki/sukhoy/monge-cat-korm-dlya-kotyat-1-5-kg.html?offer=81097,Отсутствует,1685₽,Monge
1043134,"
		                N&D PRIME сухой корм для кошек, с курицей и гранатом, 1,5кг	                ",https://4lapy.ru/catalog/koshki/korm-koshki/sukhoy/farmina-n-d-prime-cat-chicken-pomegranate-adult-300g.html?offer=119886,Отсутствует,2725₽,Farmina
1053529,"
		                Adult Care Hypoallergenic Сухой корм гипоаллергенный для взрослых кошек, с рыбой, 3 кг	                ",https://4lapy.ru/catalog/koshki/korm-koshki/sukhoy/ownat-care-korm-dlya-vzroslyh-koshek-hypoallergenic-s-ryboy-pak-1-5kg.html?offer=145770,Отсутствует,2815₽,Ownat
1030236,"
		                Sterilised сухой корм для взрослых кошек для стерилизованных с чувствительным пищеварением с курицей, 1,5 кг	                ",https://4lapy.ru/catalog/koshki/korm-koshki/sukhoy/proplan-suh-400g-dlya-sterilizovannyh-koshek-s-kuricey.html?offer=86129,1957,1663₽,Pro Plan ®
1037132,"
		                Сухой корм Hills Science Plan для взрослых кошек для поддержания жизненной энергии и иммунитета, с курицей, 1,5 кг	                ",https://4lapy.ru/catalog/koshki/korm-koshki/sukhoy/Hills_Standard_suhoy_korm_dlya_koshek_kuritsa.html?offer=104587,Отсутствует,1362₽,Hill's
1002777,"
		                36 Adult Корм сухой для кошек породы Британская короткошерстная, 2 кг	                ",https://4lapy.ru/catalog/koshki/korm-koshki/sukhoy/Royal_Canin_34_Adult_suhoy_korm_dlya_koshek_porody_Britanskaya_korotkosherstnaya.html?offer=43492,Отсутствует,2737₽,Royal Canin
1030464,"
		                Monoprotein Sterilised Trout сухой корм для стерилизованных кошек с форелью, 1,5кг	                ",https://4lapy.ru/catalog/koshki/korm-koshki/sukhoy/korm-dlya-sterilizovannyh-koshek-s-forelyu.html?offer=86470,Отсутствует,1719₽,Monge
1003672,"
		                Prescription Diet c/d Multicare Urinary Care сухой корм для кошек, лечение цистита и МКБ, с курицей, 1,5кг	                ",https://4lapy.ru/catalog/koshki/korm-koshki/sukhoy/Hills_CD_dieticheskiy_suhoy_korm_dlya_koshek_dlya_profilaktiki_MKB_kuritsey.html?offer=45808,Отсутствует,2372₽,Hill's
1054021,"
		                Adult Sterilized Luxury Hairball сухой корм для стерилизованных кошек с ягненком, 1,5 кг	                ",https://4lapy.ru/catalog/koshki/korm-koshki/sukhoy/korm-suhoy-dlya-sterilizovannyh-koshek-s-yagnenkom.html?offer=146992,Отсутствует,1069₽,UNICA
1043138,"
		                N&D PRIME сухой корм для кошек, с кабаном и яблоком, 1,5кг	                ",https://4lapy.ru/catalog/koshki/korm-koshki/sukhoy/farmina-n-d-prime-cat-wild-boar-apple-adult-300g.html?offer=119891,Отсутствует,2725₽,Farmina
1043179,"
		                Vet Life Renal диетический сухой корм для кошек при почечной недостаточности, с курицей, 2кг	                ",https://4lapy.ru/catalog/koshki/korm-koshki/sukhoy/vet-life-natural-diet-cat-renal-400-gr.html?offer=120006,Отсутствует,3045₽,Farmina
1040786,"
		                Adult Chicken Корм сухой беззерновой для кошек, с курицей, 1 кг	                ",https://4lapy.ru/catalog/koshki/korm-koshki/sukhoy/just-korm-dlya-koshek-bezzernovoy-s-kuricey.html?offer=113389,Отсутствует,1099₽,Ownat
1000110,"
		                Science Plan Sterilised Cat сухой корм для стерилизованных кошек старше 7 лет, с курицей, 1,5кг	                ",https://4lapy.ru/catalog/koshki/korm-koshki/sukhoy/Hills_suhoy_korm_dlya_kastrirovannyh_kotovsterilizovannyh_koshek_starshe_7et.html?offer=46718,Отсутствует,1719₽,Hill's
1003651,"
		                Prescription Diet s/d Urinary Care сухой корм для кошек, лечение МКБ, с курицей, 1,5кг	                ",https://4lapy.ru/catalog/koshki/korm-koshki/sukhoy/Hills_suhoy_korm_dlya_sobak_melkih_i_karlikovyh_porod_starshe_7et_kuritsey.html?offer=45804,Отсутствует,2480₽,Hill's
1002779,"
		                Sphynx Adult корм для кошек породы сфинкс старше 12 месяцев, 2 кг	                ",https://4lapy.ru/catalog/koshki/korm-koshki/sukhoy/Royal_Canin_Sphynx_33_Adult_suhoy_korm_dlya_koshek_porody_Sfinks.html?offer=41931,Отсутствует,2737₽,Royal Canin
1017249,"
		                Delicate сухой корм для котят при чувствительном пищеварении с индейкой, 1,5 кг	                ",https://4lapy.ru/catalog/koshki/korm-koshki/sukhoy/Pro_Plan_Delicate_suhoy_korm_dlya_kotyat_chuvstvitelnoe_pishchevarenie_indeyka.html?offer=42948,Отсутствует,1765₽,Pro Plan ®
1030526,"
		                Корм сухой для кошек Ньютрид Сатаети Бэлэнс, 1,5 кг	                ",https://4lapy.ru/catalog/koshki/korm-koshki/sukhoy/korm-suhoy-royal-kanin-dlya-koshek-nyutrid-sataeti-belens-pak-400-g.html?offer=86941,Отсутствует,2099₽,Royal Canin
1019937,"
		                Science Plan Sterilised Cat сухой корм для кошек и котят, с тунцом, 1,5кг	                ",https://4lapy.ru/catalog/koshki/korm-koshki/sukhoy/Hills_dlya_sterilizovannyh_koshek_tunets.html?offer=47819,Отсутствует,1699₽,Hill's
1056406,"
		                Корм сухой для взрослых кошек крупных пород, с индейкой и курицей, 2 кг	                ",https://4lapy.ru/catalog/koshki/korm-koshki/sukhoy/korm-suhoy-dlya-vzroslyh-koshek-krupnyh-porod-s-indeykoy-i-kuricey-400g.html?offer=154260,Отсутствует,1999₽,Mealfeel
1043183,"
		                Vet Life UltraHypo диетический сухой корм для кошек, гипоаллергенный, с рыбой, 2кг	                ",https://4lapy.ru/catalog/koshki/korm-koshki/sukhoy/vet-life-natural-diet-cat-ultrahypo-400-gr.html?offer=120010,Отсутствует,3425₽,Farmina
1053741,"
		                Сухой корм для стерилизованных кошек с ягненком и индейкой, 1,5 кг	                ",https://4lapy.ru/catalog/koshki/korm-koshki/sukhoy/korm-suhoy-dlya-sterilizovannyh-koshek-s-yagnenkom-i-indeykoy.html?offer=146237,1515,1288₽,AlphaPet
1053912,"
		                Indoor сухой корм для кошек с лососем, рисом и яблоками, 1,5 кг	                ",https://4lapy.ru/catalog/koshki/korm-koshki/sukhoy/korm-suhoy-dlya-koshek-indor-s-lososem-risom-i-yablokami.html?offer=146685,Отсутствует,1589₽,UNICA
1043182,"
		                Vet Life Struvite Management диетический сухой корм для кошек при мочекаменной болезни, с курицей, 2кг	                ",https://4lapy.ru/catalog/koshki/korm-koshki/sukhoy/vet-life-natural-diet-cat-management-struvite-400-gr.html?offer=120009,Отсутствует,3045₽,Farmina
1001781,"
		                Mother and Babycat корм для котят в возрасте от 1 до 4 месяцев и для беременных/лактирующих кошек, 2 кг	                ",https://4lapy.ru/catalog/koshki/korm-koshki/sukhoy/Royal_Canin_Babycat_34_korm_suhoy_korm_dlya_kotyat_ot_1_do_4_mes_i_beremennyh_koshek.html?offer=41915,Отсутствует,2279₽,Royal Canin
1027898,"
		                Hairball корм для домашних кошек, часто страдающих от скопления комков шерсти в желудке, с курицей, 1,5 кг	                ",https://4lapy.ru/catalog/koshki/korm-koshki/sukhoy/monge-cat-hairball-korm-dlya-koshek-dlya-vyvedeniya-shersti-1-5-kg.html?offer=81103,Отсутствует,1629₽,Monge
1003650,"
		                Prescription Diet k/d Kidney Care сухой корм для кошек, лечение заболеваний почек, с курицей, 1,5кг	                ",https://4lapy.ru/catalog/koshki/korm-koshki/sukhoy/Hills_KD_dieticheskiy_suhoy_korm_dlya_koshek_pri_zabolevaniyah_pochek.html?offer=45803,Отсутствует,2762₽,Hill's
1050324,"
		                OCEAN CAT корм сухой для котят, с треской, креветкой, тыквой и дыней, 1,5кг	                ",https://4lapy.ru/catalog/koshki/korm-koshki/sukhoy/farmina-n-d-oushen-ket-treska-krevetka-tykva-i-dynya-dlya-kotyat-300g.html?offer=137199,Отсутствует,2915₽,Farmina
1054019,"
		                Adult In-home Luxury Hairball сухой корм для домашних кошек с курицей, 1,5 кг	                ",https://4lapy.ru/catalog/koshki/korm-koshki/sukhoy/korm-suhoy-dlya-domashnih-koshek-s-kuricey.html?offer=146989,Отсутствует,995₽,UNICA
1037133,"
		                Сухой корм Hills Science Plan для взрослых кошек для поддержания жизненной энергии и иммунитета, с ягненком, 1,5 кг	                ",https://4lapy.ru/catalog/koshki/korm-koshki/sukhoy/Hills_Standard_suhoy_korm_dlya_koshek_yagnenok.html?offer=104589,Отсутствует,1362₽,Hill's
1053757,"
		                Корм сухой для стерилизованных кошек, с индейкой и курицей, 1,5 кг	                ",https://4lapy.ru/catalog/koshki/korm-koshki/sukhoy/korm-suhoy-dlya-sterilizovannyh-koshek-s-indeykoy-i-kuricey.html?offer=146266,Отсутствует,979₽,Sirius
1039533,"
		                Cat Adult корм сухой для взрослых кошек с курицей, 10кг	                ",https://4lapy.ru/catalog/koshki/korm-koshki/sukhoy/korm-dlya-vzroslyh-koshek-s-kuricey.html?offer=111436,Отсутствует,7365₽,Monge
1054520,"
		                Kitten Delicate Корм сухой для котят с чувствительным пищеварением, с индейкой, 1,5 кг	                ",https://4lapy.ru/catalog/koshki/korm-koshki/sukhoy/korm-suhoy-dlya-kotyat-chuvstvitelnoe-pishchevarenie-s-indeykoy.html?offer=148181,Отсутствует,929₽,Wellkiss
1054525,"
		                Senior Sterilized Корм сухой для кошек старше 7 лет, с индейкой, 1,5 кг	                ",https://4lapy.ru/catalog/koshki/korm-koshki/sukhoy/korm-suhoy-dlya-koshek-senor-steril-s-indeykoy.html?offer=148188,Отсутствует,929₽,Wellkiss
1050590,"
		                Корм сухой для стерилизованных кошек курица	                ",https://4lapy.ru/catalog/koshki/korm-koshki/sukhoy/korm-suhoy-dlya-sterilizovannyh-koshek-kurica.html?offer=137908,Отсутствует,1259₽,Brit
1053736,"
		                WOW Сухой корм для стерилизованных кошек с индейкой, 1,5 кг	                ",https://4lapy.ru/catalog/koshki/korm-koshki/sukhoy/korm-suhoy-dlya-sterilizovannyh-koshek-s-indeykoy2.html?offer=146229,Отсутствует,827₽,AlphaPet
1053531,"
		                Adult Care Renal Сухой корм для взрослых кошек с хронической почечной недостаточностью, с курицей, 3 кг	                ",https://4lapy.ru/catalog/koshki/korm-koshki/sukhoy/ownat-care-korm-dlya-vzroslyh-koshek-renal-s-kuricey-pak-1-5kg.html?offer=145773,Отсутствует,2815₽,Ownat
1030460,"
		                Superpremium adult cat salmon корм для взрослых кошек с лососем, 1.5кг	                ",https://4lapy.ru/catalog/koshki/korm-koshki/sukhoy/korm-dlya-vzroslyh-koshek-s-lososem.html?offer=86462,Отсутствует,1685₽,Monge
1000865,"
		                Hypoallergenic DR25 корм для кошек с пищевой аллергией, 2,5 кг	                ",https://4lapy.ru/catalog/koshki/korm-koshki/sukhoy/Royal_Canin_Hypoallergenic_dieticheskiy_suhoy_korm_dlya_koshek_pri_allergii.html?offer=42574,Отсутствует,4745₽,Royal Canin
1053914,"
		                Indoor сухой корм для кошек с ягненком, рисом и горохом, 1,5 кг	                ",https://4lapy.ru/catalog/koshki/korm-koshki/sukhoy/korm-suhoy-dlya-koshek-indor-s-yagnenkom-risom-i-gorohom.html?offer=146688,Отсутствует,1589₽,UNICA
1026169,"
		                Delicate сухой корм для взрослых кошек при чувствительном пищеварении с ягненком, 1,5 кг	                ",https://4lapy.ru/catalog/koshki/korm-koshki/sukhoy/proplan-suh-400g-d-koshek-chuvstvitelnoe-pishchevarenie-yagnenok.html?offer=75559,1755,1492₽,Pro Plan ®
1007385,"
		                Prescription Diet Metabolic Weight Management сухой корм для кошек, с курицей, 1,5кг	                ",https://4lapy.ru/catalog/koshki/korm-koshki/sukhoy/Hills_Metabolic_dieticheskiy_suhoy_korm_dlya_koshek_dlya_korrektsii_vesa.html?offer=42603,Отсутствует,3065₽,Hill's
1054518,"
		                Adult Salmon Корм сухой для кошек, с лососем, 1,5 кг	                ",https://4lapy.ru/catalog/koshki/korm-koshki/sukhoy/korm-suhoy-dlya-koshek-s-lososem1.html?offer=148178,Отсутствует,929₽,Wellkiss
1034310,"
		                Urinary S/O корм для кошек при заболеваниях дистального отдела мочевыделительной системы, модератор калорий, 1,5 кг	                ",https://4lapy.ru/catalog/koshki/korm-koshki/sukhoy/korm-suhoy-dlya-koshek-urinari-s-o-moderator-kaloriy.html?offer=94819,Отсутствует,2365₽,Royal Canin
1003549,"
		                Gastro Intestinal Moderate Calorie GIM35 корм для кошек при нарушении пищеварения с умеренным содержанием энергии, 2 кг	                ",https://4lapy.ru/catalog/koshki/korm-koshki/sukhoy/Royal_Canin_Gastro_Intestinal_Moderate_Calorie_GIM35_dieticheskiy_suhoy_korm_dlya_koshek.html?offer=42584,Отсутствует,3569₽,Royal Canin
1053910,"
		                Indoor сухой корм для кошек с курицей, морковью и рисом, 1,5 кг	                ",https://4lapy.ru/catalog/koshki/korm-koshki/sukhoy/korm-suhoy-dlya-koshek-indor-s-kuricey-morkovyu-i-risom.html?offer=146682,Отсутствует,1449₽,UNICA
1000713,"
		                Indoor 27 корм для домашних кошек c нормальным весом от 1 до 7 лет, 2 кг	                ",https://4lapy.ru/catalog/koshki/korm-koshki/sukhoy/Royal_Canin_Indoor_27_suhoy_korm_dlya_domashnih_koshek.html?offer=45710,535,2375₽,Royal Canin
1038352,"
		                Sterilised сухой корм для взрослых кошек для стерилизованных с треской и форелью, 400 г	                ",https://4lapy.ru/catalog/koshki/korm-koshki/sukhoy/proplan-cat-d-ster-treska-forel-400g.html?offer=108462,1957,575₽,Pro Plan ®
1000385,"
		                Renal RF23 корм для взрослых кошек с хронической почечной недостаточностью, 2 кг	                ",https://4lapy.ru/catalog/koshki/korm-koshki/sukhoy/Royal_Canin_Renal_dieticheskiy_suhoy_korm_dlya_koshek_pri_pochechnoy_nedostatochnosti.html?offer=42564,Отсутствует,3579₽,Royal Canin
1051399,"
		                Premium Cat Sterilized Salmon&Chicken сухой корм для стерилизованных кошек с лососем и курицей, 2кг	                ",https://4lapy.ru/catalog/koshki/korm-koshki/sukhoy/premium-cat-sterilized-salmon-chicken-suhoy-korm-dlya-sterilizovannyh-koshek-s-lososem-i-kuricey-400g.html?offer=139534,Отсутствует,1259₽,Brit
1043174,"
		                Vet Life Neutered Female диетический сухой корм для стерилизованных кошек, с курицей, 400г	                ",https://4lapy.ru/catalog/koshki/korm-koshki/sukhoy/vet-life-natural-diet-cat-neutered-female-400-gr.html?offer=119997,Отсутствует,635₽,Farmina
1029498,"
		                Indoor Appetite Control корм сухой для кошек для домашних кошек, склонных к набору веса, 2 кг	                ",https://4lapy.ru/catalog/koshki/korm-koshki/sukhoy/korm-suhoy-dlya-koshek-royal-kanin-indor-apetayt-kontrol-pak-400-g.html?offer=84516,Отсутствует,2375₽,Royal Canin
1052546,"
		                Prescription Diet k-d Kidney Care сухой корм для кошек при профилактике заболеваний почек с курицей, 3 кг	                ",https://4lapy.ru/catalog/koshki/korm-koshki/sukhoy/pd-k-d-korm-d-kosh-d-pochek-4h3kg.html?offer=143077,Отсутствует,5111₽,Hill's
1039528,"
		                BWild GRAIN FREE корм беззерновой из тунца и гороха для стерилизованныхкошек, 1.5кг	                ",https://4lapy.ru/catalog/koshki/korm-koshki/sukhoy/bezzernovoy-korm-iz-tunca-i-goroha-dlya-sterilizovannyh-koshek.html?offer=111426,Отсутствует,1995₽,Monge
1037131,"
		                Сухой корм Hills Science Plan Urinary Health для взрослых кошек, склонных к мочекаменной болезни, с курицей, 7 кг	                ",https://4lapy.ru/catalog/koshki/korm-koshki/sukhoy/suhoy-korm-hills-science-plan-urinary-health-dlya-vzroslyh-koshek-sklonnyh-k-mochekamennoy-bolezni-s-kuricey-7-kg.html?offer=104585,Отсутствует,8995₽,Hill's
1035178,"
		                Sphynx kitten корм сухой для котят породы сфинкс младше 12 месяцев, 2 кг	                ",https://4lapy.ru/catalog/koshki/korm-koshki/sukhoy/korm-suhoy-dlya-kotyat-sfinks.html?offer=97750,Отсутствует,2699₽,Royal Canin
1037147,"
		                Сухой корм Hills Science Plan для взрослых кошек для поддержания жизненной энергии и иммунитета, с ягненком, 3 кг	                ",https://4lapy.ru/catalog/koshki/korm-koshki/sukhoy/suhoy-korm-hills-science-plan-dlya-vzroslyh-koshek-dlya-podderzhaniya-zhiznennoy-energii-i-immuniteta-s-yagnenkom-3-kg.html?offer=104617,Отсутствует,2573₽,Hill's
1051403,"
		                Premium Cat Duck&Chicken сухой корм для стерилизованных кошек с уткой и курицей, 2кг	                ",https://4lapy.ru/catalog/koshki/korm-koshki/sukhoy/premium-cat-duck-chicken-suhoy-korm-dlya-sterilizovannyh-koshek-s-utkoyi-kuricey-400g.html?offer=139539,Отсутствует,1259₽,Brit
1044749,"
		                Appetite Control Care корм сухой для кошек для контроля аппетита, 2 кг	                ",https://4lapy.ru/catalog/koshki/korm-koshki/sukhoy/korm-suhoy-dlya-koshek-appetayt-kontrol-kea.html?offer=124450,Отсутствует,2935₽,Royal Canin
1048571,"
		                Nature Elements сухой корм для взрослых кошек с лососем, 1,4 кг	                ",https://4lapy.ru/catalog/koshki/korm-koshki/sukhoy/pro-plan-natel-kosh-kozhisherst-los-10x200g.html?offer=131683,1935,1548₽,Pro Plan ®
1052548,"
		                Prescription Diet k-d Early Stage сухой корм для кошек при заболеваниях почек, 3 кг	                ",https://4lapy.ru/catalog/koshki/korm-koshki/sukhoy/pd-k-d-es-korm-d-kosh-d-pochek-rs-4h3kg.html?offer=143081,5679,5111₽,Hill's
1052554,"
		                Science Plan беззерновой cухой корм для котят с курицей и картошкой, 1,5 кг	                ",https://4lapy.ru/catalog/koshki/korm-koshki/sukhoy/sp-korm-d-kotyat-b-z-kur-kart-6-1-5kg.html?offer=143093,Отсутствует,1768₽,Hill's
1058016,"
		                Корм сухой для взрослых кошек, с курицей и цельными злаками, 9,75 кг	                ",https://4lapy.ru/catalog/koshki/korm-koshki/sukhoy/korm-suhoy-dlya-vzroslyh-koshek-s-kuricey-i-celnymi-zlakami-mesh-9-75kg.html?offer=157361,Отсутствует,4733₽,Purina One
1002599,"
		                Adult Sterilized/Weight Control корм для стерилизованных кошек и кошек с избыточным весом старше 1 года, с курицей, 400 г	                ",https://4lapy.ru/catalog/koshki/korm-koshki/sukhoy/Eukanuba_Adultight_suhoy_korm_dlya_vzroslyh_sterilizovannyh_koshek_i_koshek_s_izbytochnym_vesom.html?offer=45658,Отсутствует,375₽,Eukanuba
1000881,"
		                Kitten Healthy Start корм для котят от 1 до 12 месяцев, с курицей, 400 г	                ",https://4lapy.ru/catalog/koshki/korm-koshki/sukhoy/Eukanuba_Kitten_Complete_suhoy_korm_dlya_kotyat_kuritsapechen.html?offer=45660,Отсутствует,375₽,Eukanuba
1058018,"
		                Корм сухой для взрослых кошек, с лососем и цельными злаками, 9,75 кг	                ",https://4lapy.ru/catalog/koshki/korm-koshki/sukhoy/korm-suhoy-dlya-vzroslyh-koshek-s-lososem-i-celnymi-zlakami-mesh-9-75kg.html?offer=157365,Отсутствует,4733₽,Purina One
1002562,"
		                Siamese Adult корм для cиамских кошек старше 12 месяцев, 2 кг	                ",https://4lapy.ru/catalog/koshki/korm-koshki/sukhoy/Royal_Canin_Siamese_Adult_38_suhoy_korm_dlya_koshek.html?offer=41923,Отсутствует,2699₽,Royal Canin
1052567,"
		                LiveClear Sterilised сухой корм для взрослых кошек для снижения количество аллергенов в шерсти с индейкой, 400 г	                ",https://4lapy.ru/catalog/koshki/korm-koshki/sukhoy/korm-suhoy-dlya-sterilizovannyh-koshek-s-indeykoy1.html?offer=143401,Отсутствует,548₽,Pro Plan ®
1058019,"
		                EN Gastrointestinal Корм сухой для пищеварения кошек, 5 кг	                ",https://4lapy.ru/catalog/koshki/korm-koshki/sukhoy/korm-suhoy-dlya-koshek-en-dlya-pishchevareniya-mesh-5kg.html?offer=157379,Отсутствует,8869₽,Purina
1053476,"
		                Корм сухой для кошек с чувствительным пищеварением с индейкой, 1,5 кг	                ",https://4lapy.ru/catalog/koshki/korm-koshki/sukhoy/korm-suhoy-dlya-koshek-s-chuvstvitelnym-pishchevareniem-s-indeykoy.html?offer=145549,Отсутствует,999₽,Grand Prix
1000130,"
		                Science Plan Hairball Control сухой корм для кошек для выведения шерсти, с курицей, 300г	                ",https://4lapy.ru/catalog/koshki/korm-koshki/sukhoy/Korm_dlya_koshek_Hills_Heyrbal_Kontrol_dlya_vyvoda_shersti_kuritsa.html?offer=50354,Отсутствует,625₽,Hill's
1053474,"
		                Корм сухой для стерилизованных кошек с кроликом 1,5 кг	                ",https://4lapy.ru/catalog/koshki/korm-koshki/sukhoy/korm-suhoy-dlya-sterilizovannyh-koshek-s-krolikom1.html?offer=145545,Отсутствует,989₽,Grand Prix
1027323,"
		                Light Weight Care корм для взрослых кошек в целях профилактики избыточного веса, 3,5 кг	                ",https://4lapy.ru/catalog/koshki/korm-koshki/sukhoy/korm-suhoy-dlya-koshek-royal-kanin-layt-veyt-kea-dlya-profilaktiki-izbytochno.html?offer=79966,Отсутствует,655₽,Royal Canin
1053472,"
		                Корм сухой для котят с лососем 1,5 кг	                ",https://4lapy.ru/catalog/koshki/korm-koshki/sukhoy/korm-suhoy-dlya-kotyat-s-lososem.html?offer=145541,Отсутствует,889₽,Grand Prix
1001358,"
		                Kitten корм для котят в возрасте до 1 года, а также для беременных и кормящих кошек, с птицей, 2 кг	                ",https://4lapy.ru/catalog/koshki/korm-koshki/sukhoy/Leonardo_Kitten_suhoy_korm_dlya_kotyat_kuritsey.html?offer=41852,Отсутствует,2335₽,Leonardo
1021712,"
		                Functional Nutrition Kitten Корм для котят до 12 месяцев, с курицей и индейкой, 1,5 кг	                ",https://4lapy.ru/catalog/koshki/korm-koshki/sukhoy/Mealfeel_suhoy_korm_dlya_kotyat_kuritsey_i_indeykoy.html?offer=49410,Отсутствует,1649₽,Mealfeel
1020094,"
		                Prescription Diet k/d + Mobility Kidney + Joint Care сухой корм для кошек, с курицей, 2кг	                ",https://4lapy.ru/catalog/koshki/korm-koshki/sukhoy/Korm_dlya_koshek_Hills_lechenie_zabolevaniya_pochek_i_sustavov_KDMobilitypak_2_kg_1020094.html?offer=47827,Отсутствует,3979₽,Hill's
1052566,"
		                LiveClear Kitten сухой корм для котят для снижения количество аллергенов в шерсти с индейкой, 400 г	                ",https://4lapy.ru/catalog/koshki/korm-koshki/sukhoy/korm-sukhoy-dlya-kotyat-s-indeykoy.html?offer=143399,Отсутствует,685₽,Pro Plan ®
1053473,"
		                Корм сухой для кошек с лососем 1,5 кг	                ",https://4lapy.ru/catalog/koshki/korm-koshki/sukhoy/korm-suhoy-dlya-koshek-s-lososem.html?offer=145543,Отсутствует,865₽,Grand Prix
1053475,"
		                Корм сухой для кошек вывод шерсти с индейкой 1,5 кг	                ",https://4lapy.ru/catalog/koshki/korm-koshki/sukhoy/korm-suhoy-dlya-koshek-vyvod-shersti-s-indeykoy.html?offer=145547,Отсутствует,969₽,Grand Prix
1002780,"
		                Persian Kitten корм для персидских котят в возрасте до 12 месяцев, 400 г	                ",https://4lapy.ru/catalog/koshki/korm-koshki/sukhoy/Korm_suhoy_Royal_Kanin_dlya_kotyat_Kitten_Persian_32_persidskaya.html?offer=31126,Отсутствует,523₽,Royal Canin
1058687,"
		                Сухой корм Science Plan Culinary Creations для взрослых кошек для поддержания жизненной энергии и иммунитета, с лососем и морковью, 10 кг	                ",https://4lapy.ru/catalog/koshki/korm-koshki/sukhoy/korm-suhoy-dlya-koshek-s-lososem-i-morkovyu-mesh-10kg.html?offer=159181,Отсутствует,11199₽,Hill's
1058686,"
		                Сухой корм Science Plan Culinary Creations для взрослых кошек для поддержания жизненной энергии и иммунитета, с лососем и морковью, 1,5 кг	                ",https://4lapy.ru/catalog/koshki/korm-koshki/sukhoy/korm-suhoy-dlya-koshek-s-lososem-i-morkovyu-pak-1-5kg.html?offer=159179,Отсутствует,2039₽,Hill's
1058481,"
		                Immunity Корм сухой для кошек, говядина, семена льна и голубика, 5,5 кг	                ",https://4lapy.ru/catalog/koshki/korm-koshki/sukhoy/immuniti-korm-sukhoy-dlya-koshek-govyadina-semena-lna-i-golubika-5-5kg.html?offer=158585,Отсутствует,3225₽,Perfect Fit
1058480,"
		                Immunity Корм сухой для кошек, индейка, спирулина и клюква, 580 гр.	                ",https://4lapy.ru/catalog/koshki/korm-koshki/sukhoy/immuniti-korm-sukhoy-dlya-koshek-indeyka-spirulina-i-klyukva-580g.html?offer=158583,Отсутствует,417₽,Perfect Fit
1058478,"
		                Immunity Корм сухой для кошек, говядина, семена льна и голубика, 1,1 кг	                ",https://4lapy.ru/catalog/koshki/korm-koshki/sukhoy/immuniti-korm-sukhoy-dlya-koshek-govyadina-semena-lna-i-golubika-1-1kg.html?offer=158579,Отсутствует,735₽,Perfect Fit
1058025,"
		                Корм сухой для стерилизованных кошек, с индейкой, 7 кг	                ",https://4lapy.ru/catalog/koshki/korm-koshki/sukhoy/korm-suhoy-dlya-sterilizovannyh-koshek-s-indeykoy-mesh-7kg.html?offer=157367,Отсутствует,6929₽,Pro Plan ®
1047045,"
		                Корм сухой для кошек подушечки паштет говядина, 13,8 кг	                ",https://4lapy.ru/catalog/koshki/korm-koshki/sukhoy/korm-suhoy-dlya-koshek-podushechki-pashtet-govyadina4.html?offer=129579,Отсутствует,4134₽,Whiskas
1047044,"
		                Корм сухой для кошек подушечки паштет курица и индейка, 13,8 кг	                ",https://4lapy.ru/catalog/koshki/korm-koshki/sukhoy/korm-suhoy-dlya-koshek-podushechki-pashtet-kurica-i-indeyka.html?offer=129577,Отсутствует,4134₽,Whiskas
1046832,"
		                Корм сухой для кошек подушечки паштет говядина, 5 кг	                ",https://4lapy.ru/catalog/koshki/korm-koshki/sukhoy/korm-suhoy-dlya-koshek-podushechki-pashtet-govyadina3.html?offer=128787,Отсутствует,1700₽,Whiskas
1046829,"
		                Корм сухой для кошек подушечки паштет говядина, 350 г	                ",https://4lapy.ru/catalog/koshki/korm-koshki/sukhoy/korm-suhoy-dlya-koshek-podushechki-pashtet-govyadina.html?offer=128781,335,130₽,Whiskas
1016483,"
		                Корм для стерилизованных кошек и котов старше 1 года, с курицей и вкусными подушечками, 5 кг	                ",https://4lapy.ru/catalog/koshki/korm-koshki/sukhoy/Korm_Viskas_suhoy_dlya_sterilizovannyh_koshek_i_kastrirovannyhkotovkuritsa.html?offer=43421,2125,1700₽,Whiskas
1008887,"
		                Корм для кошек старше 1 года, вкусные подушечки с нежным паштетом, аппетитное ассорти с курицей и индейкой, 350 г	                ",https://4lapy.ru/catalog/koshki/korm-koshki/sukhoy/Whiskas_suhoy_korm_dlya_koshek_Vkusnye_podushechki_s_negnym_pashtetom_kuritsaindeyka.html?offer=41826,335,130₽,Whiskas
1008885,"
		                Корм для котят от 2 до 12 месяцев, вкусные подушечки с молоком, аппетитное ассорти с индейкой и морковью, 350 г	                ",https://4lapy.ru/catalog/koshki/korm-koshki/sukhoy/Whiskas_suhoy_korm_dlya_kotyat_assorti_indeykamorkov_i_podushechki_s_molokom.html?offer=41822,819,130₽,Whiskas
1016207,"
		                Корм для стерилизованных кошек и котов старше 1 года, с говядиной и вкусными подушечками, 350 г	                ",https://4lapy.ru/catalog/koshki/korm-koshki/sukhoy/Korm_dlya_koshek_Viskas__suhoy__dlya_sterilizovanyh_koshek_i_kastrirovannyhkotov_govyadina_up__350g_1016207.html?offer=31058,819,130₽,Whiskas
1053990,"
		                Двойная Вкуснятина для взрослых кошек с рыбой 200 г	                ",https://4lapy.ru/catalog/koshki/korm-koshki/sukhoy/dvoynaya-vkusnyatina-dlya-vzroslyh-koshek-s-ryboy-200-g.html?offer=146926,Отсутствует,123₽,Felix
1053989,"
		                Двойная Вкуснятина сухой корм для взрослых кошек для взрослых кошек с птицей, 200 г	                ",https://4lapy.ru/catalog/koshki/korm-koshki/sukhoy/dvoynaya-vkusnyatina-dlya-vzroslyh-koshek-s-pticey-200-g.html?offer=146924,Отсутствует,123₽,Felix
1053988,"
		                Двойная Вкуснятина сухой корм для взрослых кошек для взрослых кошек с мясом, 200 г	                ",https://4lapy.ru/catalog/koshki/korm-koshki/sukhoy/dvoynaya-vkusnyatina-dlya-vzroslyh-koshek-s-myasom-200-g.html?offer=146922,Отсутствует,123₽,Felix
1049814,"
		                Корм сухой для кошек Курочка аппетитная, 800 г	                ",https://4lapy.ru/catalog/koshki/korm-koshki/sukhoy/korm-suhoy-dlya-koshek-appetitnaya-kurochka.html?offer=135530,Отсутствует,233₽,Kitekat
1049534,"
		                Мясное объедение сухой корм для взрослых кошек с говядиной, 600 г	                ",https://4lapy.ru/catalog/koshki/korm-koshki/sukhoy/felix-600g-dlya-koshek-myasnoe-obedenie-govyadina.html?offer=134559,Отсутствует,315₽,Felix
1049532,"
		                Мясное объедение сухой корм для взрослых кошек с курицей, 1,3 кг	                ",https://4lapy.ru/catalog/koshki/korm-koshki/sukhoy/felix-1-3kg-dlya-koshek-myasnoe-obedenie-kurica.html?offer=134556,Отсутствует,617₽,Felix
1041476,"
		                Корм сухой для кошек для красоты шерсти и здоровья кожи с индейкой, 650г	                ",https://4lapy.ru/catalog/koshki/korm-koshki/sukhoy/korm-suhoy-dlya-koshek-krasota-shersti-i-zdorove-kozhi-s-indeykoy.html?offer=115008,Отсутствует,417₽,Perfect Fit
1040009,"
		                Двойная Вкуснятина сухой корм для котят до 1 года для котят до 1 года с курочкой, 600 г	                ",https://4lapy.ru/catalog/koshki/korm-koshki/sukhoy/felix-d-kotyat-dvoynvkus-kurochka-8x600g.html?offer=112322,Отсутствует,317₽,Felix
1037154,"
		                Сухой корм Hills Science Plan для котят для здорового роста и развития,с тунцом, 7 кг	                ",https://4lapy.ru/catalog/koshki/korm-koshki/sukhoy/suhoy-korm-hills-science-plan-dlya-kotyat-dlya-zdorovogo-rosta-i-razvitiya-s-tuncom-7-kg.html?offer=104629,Отсутствует,7415₽,Hill's
1016800,"
		                Корм сухой для домашних кошек с курицей, 650 г	                ",https://4lapy.ru/catalog/koshki/korm-koshki/sukhoy/Perfect_Fit_suhoy_korm_dlya_domashnih_koshek_kuritsa.html?offer=42968,Отсутствует,417₽,Perfect Fit
1016805,"
		                Корм сухой для котят от 2 до 12 месяцев с курицей, 650 г	                ",https://4lapy.ru/catalog/koshki/korm-koshki/sukhoy/Perfect_Fit_Junior_suhoy_korm_dlya_kotyat_kuritsa.html?offer=41872,Отсутствует,417₽,Perfect Fit
1020582,"
		                Корм сухой для кошек с чувствительным пищеварением с индейкой, 650 г	                ",https://4lapy.ru/catalog/koshki/korm-koshki/sukhoy/Perfect_Fit_suhoy_korm_dlya_koshek_s_chuvstvitelnym_pishchevareniem_indeyka.html?offer=41875,Отсутствует,417₽,Perfect Fit
1016806,"
		                Корм сухой для стерилизованных кошек с курицей, 650 г	                ",https://4lapy.ru/catalog/koshki/korm-koshki/sukhoy/Perfect_Fit_suhoy_korm_dlya_kastrirovannyh_kotov_i_sterilizovannyh_koshek_kuritsa.html?offer=41873,Отсутствует,417₽,Perfect Fit
1015490,"
		                Корм для взрослых кошек, телятинка аппетитная, 350 г	                ",https://4lapy.ru/catalog/koshki/korm-koshki/sukhoy/Kitekat_suhoy_korm_dlya_koshek_Appetitnaya_telyatinka.html?offer=41834,Отсутствует,107₽,Kitekat
1015489,"
		                Корм сухой для взрослых кошек, мясной пир, 350 г	                ",https://4lapy.ru/catalog/koshki/korm-koshki/sukhoy/Kitekat_suhoy_korm_dlya_koshek_Myasnoy_pir.html?offer=41832,Отсутствует,107₽,Kitekat
1020581,"
		                Корм сухой для стерилизованных кошек с говядиной, 650 г	                ",https://4lapy.ru/catalog/koshki/korm-koshki/sukhoy/Korm_suhoy_Perfekt_Fit_dlya_sterilizovannyh_kotov_i_koshek_s_govyadinoypak__650g_1020581.html?offer=31094,Отсутствует,417₽,Perfect Fit
1020578,"
		                Корм сухой для стерилизованных кошек старше 7 лет с курицей, 650 г	                ",https://4lapy.ru/catalog/koshki/korm-koshki/sukhoy/Korm_suhoy_Perfekt_Fit_dlya_koshek_starshe_7_let_s_kuritsey_pak__650g_1020578.html?offer=31090,Отсутствует,417₽,Perfect Fit
1039530,"
		                корм для стерилизованных кошек с уткой	                ",https://4lapy.ru/catalog/koshki/korm-koshki/sukhoy/korm-dlya-sterilizovannyh-koshek-s-utkoy.html?offer=111430,Отсутствует,8595₽,Monge
1027905,"
		                Monoprotein корм для взрослых кошек, с кроликом, 1,5 кг	                ",https://4lapy.ru/catalog/koshki/korm-koshki/sukhoy/monge-cat-monoprotein-adult-rabbit-korm-dlya-vzroslyh-koshek-s-krolikom-10.html?offer=81115,Отсутствует,1805₽,Monge
1045495,"
		                Низкокалорийный корм для кошек с индейкой	                ",https://4lapy.ru/catalog/koshki/korm-koshki/sukhoy/nizkokaloriynyy-korm-dlya-koshek-s-indeykoy.html?offer=125975,Отсутствует,1687₽,Monge
1048953,"
		                Sterilised Сухой корм для стерилизованных кошек с индейкой, 1,5 кг + 400г	                ",https://4lapy.ru/catalog/koshki/korm-koshki/sukhoy/proplan-suh-1-5kg-d-sterkoshaftekeaindkur-1-5kg-400g.html?offer=132686,Отсутствует,1755₽,Pro Plan ®
1025825,"
		                Natural Exigent Cat корм для привередливых кошек старше 1 года, с говядиной и курицей, 300 г	                ",https://4lapy.ru/catalog/koshki/korm-koshki/sukhoy/korm-suhoy-dlya-koshek-treyner-dlya-priveredlivyh-koshek-s-govyadinoy-isvezhey-kuricey-pak-300-g.html?offer=74952,Отсутствует,689₽,Trainer
1028258,"
		                BWild Adult Hare корм для взрослых кошек, с мясом зайца, 1,5 кг	                ",https://4lapy.ru/catalog/koshki/korm-koshki/sukhoy/monge-bwild-cat-hare-korm-dlya-vzroslyh-koshek-s-myasom-zayca-1-5-kg.html?offer=82022,Отсутствует,1759₽,Monge
1039526,"
		                беззерновой корм из мяса буйвола для крупных кошек всех возрастов	                ",https://4lapy.ru/catalog/koshki/korm-koshki/sukhoy/bezzernovoy-korm-iz-myasa-buyvola-dlya-krupnyh-koshek-vseh-vozrastov.html?offer=111422,Отсутствует,1995₽,Monge
1002393,"
		                NF Renal Function сухой корм для взрослых кошек для поддержания функции почек при хронической почечной недостаточности, 1,5 кг	                ",https://4lapy.ru/catalog/koshki/korm-koshki/sukhoy/Purina_Veterinary_Diets_NF_dieticheskiy_suhoy_korm_dlya_koshek_pri_patologii_pochek.html?offer=42546,Отсутствует,3285₽,Purina
1037643,"
		                Kitten GF Chicken сухой беззерновой корм с курицей для котят, 400г	                ",https://4lapy.ru/catalog/koshki/korm-koshki/sukhoy/bozita-kitten-gf-chicken-bezzernovoe-suh-pit-d-kotyat-molodyh-berem-i-korm-koshek-s-kuricey.html?offer=105830,Отсутствует,945₽,Bozita
1039525,"
		                беззерновой корм из лосося и гороха для взрослых кошек	                ",https://4lapy.ru/catalog/koshki/korm-koshki/sukhoy/bezzernovoy-korm-iz-lososya-i-goroha-dlya-vzroslyh-koshek.html?offer=111420,Отсутствует,1995₽,Monge
1021796,"
		                Двойная Вкуснятина сухой корм для взрослых кошек для взрослых кошек с мясом, 750 г	                ",https://4lapy.ru/catalog/koshki/korm-koshki/sukhoy/Feliks_dlya_koshek_Dvoynaya_vkusnyatina_Myaso.html?offer=43045,Отсутствует,349₽,Felix
1019460,"
		                Solution Hairball Control корм для кошек старше 1 года, склонных к образованию волосяных комочков в желудке, с курицей, 300 г	                ",https://4lapy.ru/catalog/koshki/korm-koshki/sukhoy/Trainer_Solution_Hairball_suhoy_korm_dlya_koshek_dlya_vyvoda_shersti_kuritsey_i_indeykoy.html?offer=41987,Отсутствует,785₽,Trainer
1009737,"
		                Natural Kitten корм для котят от 1 до 6 месяцев, с курицей, 300 г	                ",https://4lapy.ru/catalog/koshki/korm-koshki/sukhoy/Trainer_Natural_Kitten_suhoy_korm_dlya_kotyat_v_vozraste_ot_1_do_6_mesyatsev_kuritsey.html?offer=41965,Отсутствует,645₽,Trainer
1038961,"
		                Functional Nutrition Корм сухой для стерилизованных кошек старше 7 лет, с лососем и сельдью, 400 гр.	                ",https://4lapy.ru/catalog/koshki/korm-koshki/sukhoy/korm-suhoy-dlya-vzroslyh-sterilizovannyh-koshek-senor-s-lososem-i-seldyu.html?offer=109764,Отсутствует,599₽,Mealfeel
1026906,"
		                Natural Exigent Cat корм для привередливых кошек старше 1 года, с океанической рыбой, 300 г	                ",https://4lapy.ru/catalog/koshki/korm-koshki/sukhoy/korm-suhoy-dlya-koshek-treyner-dlya-priveredlivyh-koshek-s-okeanicheskoyryboy-pak-300-g.html?offer=79102,Отсутствует,437₽,Trainer
1021711,"
		                Functional Nutrition Sterilized Корм для стерилизованных кошек старше 1 года, с ягненком, 400 гр.	                ",https://4lapy.ru/catalog/koshki/korm-koshki/sukhoy/Mealfeel_korm_suhoy_dlya_vzroslyh_sterilizovannyh_koshek_s_yagnenkom.html?offer=44349,Отсутствует,559₽,Mealfeel
1037156,"
		                Сухой корм Hills Science Plan для взрослых кошек для поддержания жизненной энергии и иммунитета, с тунцом, 3 кг	                ",https://4lapy.ru/catalog/koshki/korm-koshki/sukhoy/suhoy-korm-hills-science-plan-dlya-vzroslyh-koshek-dlya-podderzhaniya-zhiznennoy-energii-i-immuniteta-s-tuncom-3-kg.html?offer=104631,Отсутствует,2573₽,Hill's
1009944,"
		                Natural Adult корм для кошек старше 1 года, с курицей, 300 г	                ",https://4lapy.ru/catalog/koshki/korm-koshki/sukhoy/Trainer_Natural_Adult_With_fresh_Chicken_suhoy_korm_dlya_koshek_kuritsa.html?offer=41972,Отсутствует,595₽,Trainer
1021710,"
		                Functional Nutrition Sterilized Корм для стерилизованных кошек старше 1 года, с лососем, 400 гр.	                ",https://4lapy.ru/catalog/koshki/korm-koshki/sukhoy/functional-nutriton-sterilized-korm-dlya-sterilizovannykh-koshek-starshe-1-goda-s-lososem.html?offer=44481,Отсутствует,559₽,Mealfeel
1018451,"
		                Sterilized Сухой корм для стерилизованных кошек, с индейкой, 400 гр.	                ",https://4lapy.ru/catalog/koshki/korm-koshki/sukhoy/Wellkiss_korm_suhoy_dlya_vzroslyh_sterilizovannyh_koshek_s_indeykoy.html?offer=44161,Отсутствует,419₽,Wellkiss
1029382,"
		                Kitten сухой корм для котят 400г	                ",https://4lapy.ru/catalog/koshki/korm-koshki/sukhoy/sanabelle-kitten-suhoy-korm-dlya-kotyat-10-kg.html?offer=84315,Отсутствует,575₽,Sanabelle
1042267,"
		                LiveClear Sterilised сухой корм для пожилых кошек для снижения количество аллергенов в шерсти с индейкой, 1,4 кг	                ",https://4lapy.ru/catalog/koshki/korm-koshki/sukhoy/suhoy-korm-pro-plan-liveclear-dlya-sterilizovannyh-koshek-i-kastrirovannyh-kotov-ot-7-let-s-vysokim-soderzhaniem-indeyki-paket-1-4-kg.html?offer=117445,Отсутствует,1836₽,Pro Plan ®
1038959,"
		                Корм сухой для взрослых кошек крупных пород мэйн кун, с курицей и индейкой, 400 гр.	                ",https://4lapy.ru/catalog/koshki/korm-koshki/sukhoy/korm-suhoy-dlya-vzroslyh-koshek-krupnyh-porod-meyn-kun-s-kuricey-i-indeykoy.html?offer=109761,Отсутствует,599₽,Mealfeel
1024849,"
		                Sterilized Корм сухой для стерилизованных кошек в возрасте от 1 года до 7 лет, с курицей, 400 гр.	                ",https://4lapy.ru/catalog/koshki/korm-koshki/sukhoy/grandin-dlya-sterilizovannyh-koshek-s-kuricey-pak-400g.html?offer=71671,Отсутствует,599₽,Grandin
1021699,"
		                Senior Сухой корм для кошек старше 7 лет, с ягненком, 400 гр.	                ",https://4lapy.ru/catalog/koshki/korm-koshki/sukhoy/wellkiss_suhoy_korm_dlya_koshek_senior_s_yagnenkom_400_gr.html?offer=31177,Отсутствует,419₽,Wellkiss
1021706,"
		                Functional Nutrition Senior Корм для кошек старше 7 лет, с курицей и индейкой, 400 гр.	                ",https://4lapy.ru/catalog/koshki/korm-koshki/sukhoy/Mealfeel_suhoy_korm_dlya_koshek_Senior_kuritsey_i_indeykoy.html?offer=44347,Отсутствует,559₽,Mealfeel
1021709,"
		                Functional Nutrition Digest Sensitive Корм для кошек с чувствительным пищеварением старше 1 года, с индейкой и лососем, 400 гр.	                ",https://4lapy.ru/catalog/koshki/korm-koshki/sukhoy/Mealfeel_korm_suhoy_dlya_vzroslyh_koshek_Sensitive_s_indeykoy_i_ryboy.html?offer=31184,Отсутствует,559₽,Mealfeel
1052518,"
		                Prescription Diet j-d сухой корм для кошек для поддержания здоровья и подвижности суставов с курицей, 1,5 кг	                ",https://4lapy.ru/catalog/koshki/korm-koshki/sukhoy/pd-j-d-korm-d-kosh-d-sustav-6h1-5kg.html?offer=143031,Отсутствует,3145₽,Hill's
1050196,"
		                Леонардо Эдалт Комплит Лайт 2кг	                ",https://4lapy.ru/catalog/koshki/korm-koshki/sukhoy/leonardo-edalt-komplit-layt-2kg.html?offer=136667,Отсутствует,2295₽,Leonardo
1042618,"
		                Сухой корм для кошек курица ягненок	                ",https://4lapy.ru/catalog/koshki/korm-koshki/sukhoy/suhoy-korm-dlya-koshek-kurica-yagnenok.html?offer=118502,Отсутствует,579₽,Pronature
1042613,"
		                Сухой корм для котят курица	                ",https://4lapy.ru/catalog/koshki/korm-koshki/sukhoy/suhoy-korm-dlya-kotyat-kurica.html?offer=118495,Отсутствует,583₽,Pronature
1038265,"
		                Корм сухой для кошек с чувствительным пищеварением с уткой	                ",https://4lapy.ru/catalog/koshki/korm-koshki/sukhoy/korm-suhoy-dlya-koshek-s-chuvstvitelnym-pishchevareniem-s-utkoy.html?offer=107922,Отсутствует,785₽,Trainer
1037655,"
		                Hair & Skin WF Salmon сухой корм без пшеницы с лососем для кошек, 400г	                ",https://4lapy.ru/catalog/koshki/korm-koshki/sukhoy/bozita-hair-skin-wf-salmon-suh-pit-d-vzrosl-i-rastushchih-koshek-d-zdor-kozhi-i-shersti-s-lososem-bez-pshenicy.html?offer=105846,Отсутствует,895₽,Bozita
1037649,"
		                Active & Sterilized GF Lamb сухой беззерновой корм с ягненком для активных стерилизованных кошек, 400г	                ",https://4lapy.ru/catalog/koshki/korm-koshki/sukhoy/bozita-active-sterilized-gf-lamb-bezzernovoe-suh-pit-d-steriliz-rastushchih-vzrosl-i-aktivnyh-koshek-s-yagnenkom.html?offer=105838,Отсутствует,945₽,Bozita
1029385,"
		                Hair&Skin сухой корм для кошек 400г	                ",https://4lapy.ru/catalog/koshki/korm-koshki/sukhoy/sanabelle-hair-skin-suhoy-korm-dlya-koshek-400g.html?offer=84321,Отсутствует,725₽,Sanabelle
1029384,"
		                Sensitive с ягнёнком сухой корм для кошек 400г	                ",https://4lapy.ru/catalog/koshki/korm-koshki/sukhoy/sanabelle-sensitive-s-yagnenkom-suhoy-korm-dlya-koshek-10-kg.html?offer=84319,Отсутствует,415₽,Sanabelle
1029354,"
		                Grande сухой корм для кошек 400г	                ",https://4lapy.ru/catalog/koshki/korm-koshki/sukhoy/sanabelle-grande-suhoy-korm-dlya-koshek-400g.html?offer=84261,Отсутствует,725₽,Sanabelle
1011136,"
		                Adult GF корм для взрослых кошек в возрасте от 1 года с чувствительным пищеварением, беззерновой, с птицей, 300 г	                ",https://4lapy.ru/catalog/koshki/korm-koshki/sukhoy/leonardo_adult_bezzernovoy_suhoy_korm_dlya_koshek_sklonnyh_k_allergii_300_gr.html?offer=41861,Отсутствует,595₽,Leonardo
1022753,"
		                Natural Exigent Cat корм для привередливых кошек старше 1 года, с белым мясом, 300 г	                ",https://4lapy.ru/catalog/koshki/korm-koshki/sukhoy/Korm_suhoy_dlya_koshek_Treyner_dlya_priveredlivyh_koshek_so_svegim_belymmyasom_pak__300_g_1022753.html?offer=49674,Отсутствует,689₽,Trainer
1018707,"
		                Natural Adult Sterilised корм для стерилизованных кошек старше 1 года, с лососем, 300 г	                ",https://4lapy.ru/catalog/koshki/korm-koshki/sukhoy/Trainer_suhoy_korm_dlya_sterilizovannyh_vzroslyh_koshek_sososem.html?offer=41984,Отсутствует,609₽,Trainer
1016768,"
		                Natural Adult Sterilised корм для для стерилизованных кошек старше 1года, с индейкой, 300 г	                ",https://4lapy.ru/catalog/koshki/korm-koshki/sukhoy/Trainer_Natural_Adult_Sterilised_suhoy_korm_dlya_koshek.html?offer=41980,Отсутствует,609₽,Trainer
1009947,"
		                Natural Adult корм для кошек старше 1 года, с тунцом, 300 г	                ",https://4lapy.ru/catalog/koshki/korm-koshki/sukhoy/Trainer_Natural_Adult_Tuna_suhoy_korm_dlya_koshek_s_tuntsom.html?offer=41977,Отсутствует,595₽,Trainer
1009945,"
		                Natural Adult корм для кошек старше 1 года, с говядиной, 300 г	                ",https://4lapy.ru/catalog/koshki/korm-koshki/sukhoy/Trainer_Natural_Adult_suhoy_korm_dlya_vzroslyh_koshek_govyadina.html?offer=41974,Отсутствует,347₽,Trainer
1005893,"
		                Light сухой корм для взрослых кошек при избыточном весе с индейкой, 1,5 кг	                ",https://4lapy.ru/catalog/koshki/korm-koshki/sukhoy/Pro_Planight_suhoy_korm_dlya_koshek_nizkokaloriynyy_indeykaris.html?offer=50341,1755,1492₽,Pro Plan ®
1016773,"
		                British Shorthair Kitten корм для британских короткошерстных котят в возрасте до 12 месяцев, 400 г	                ",https://4lapy.ru/catalog/koshki/korm-koshki/sukhoy/Royal_Canin_British_Shorthair_Kitten_korm_dlya_kotyat_porody_Britanskaya_korotkosherstnaya.html?offer=48201,Отсутствует,523₽,Royal Canin
1042264,"
		                LiveClear Kitten сухой корм для котят для снижения количество аллергенов в шерсти с индейкой, 1,4 кг	                ",https://4lapy.ru/catalog/koshki/korm-koshki/sukhoy/suhoy-korm-pro-plan-liveslear-dlya-kotyat-do-1-goda-s-vysokim-soderzhaniem-indeyki-paket-1-4-kg.html?offer=117439,Отсутствует,2295₽,Pro Plan ®
1039527,"
		                беззерновой корм из трески, картофеля и чечевицы для взрослых кошек	                ",https://4lapy.ru/catalog/koshki/korm-koshki/sukhoy/bezzernovoy-korm-iz-treski-kartofelya-i-chechevicy-dlya-vzroslyh-koshek.html?offer=111424,Отсутствует,1995₽,Monge
1053764,"
		                Корм сухой для стерилизованных кошек, с уткой и клюквой, 400 гр.	                ",https://4lapy.ru/catalog/koshki/korm-koshki/sukhoy/korm-suhoy-dlya-sterilizovannyh-koshek-s-utkoy-i-klyukvoy.html?offer=146277,Отсутствует,289₽,Sirius
1049980,"
		                Сухой корм Science Plan Perfect Digestion для кошек для поддержания здоровья пищеварения и питания микробиома, с курицей и коричневым рисом, 1.5 кг	                ",https://4lapy.ru/catalog/koshki/korm-koshki/sukhoy/sp-korm-d-kosh-ideal-pishchevarenie-1-5kg.html?offer=135932,Отсутствует,2655₽,Hill's
1000129,"
		                Science Plan Active Longevity сухой корм для кошек старше 7 лет, с курицей, 300г	                ",https://4lapy.ru/catalog/koshki/korm-koshki/sukhoy/Hills_Standard_suhoy_korm_dlya_koshek_krolik.html?offer=82180,Отсутствует,515₽,Hill's
1054141,"
		                Housecat сухой корм для взрослых кошек при домашнем образе жизни с индейкой и цельными злаками, 3 кг	                ",https://4lapy.ru/catalog/koshki/korm-koshki/sukhoy/korm-suhoy-dlya-domashnih-koshek-indeyka-i-zlaki.html?offer=147243,1685,1432₽,Purina One
1053740,"
		                Сухой корм для котят с цыпленком, 1,5 кг	                ",https://4lapy.ru/catalog/koshki/korm-koshki/sukhoy/korm-suhoy-dlya-kotyat-s-cyplenkom.html?offer=146235,Отсутствует,1605₽,AlphaPet
1053761,"
		                Корм сухой для взрослых кошек с лососем и рисом, 1,5 к	                ",https://4lapy.ru/catalog/koshki/korm-koshki/sukhoy/korm-suhoy-dlya-vzroslyh-koshek-s-lososem-i-risom.html?offer=146273,Отсутствует,989₽,Sirius
1003140,"
		                Science Plan Oral Care сухой корм для взрослых кошек для гигиены полости рта, с курицей, 1,5кг	                ",https://4lapy.ru/catalog/koshki/korm-koshki/sukhoy/Korm_dlya_koshek_Hills_Oral_Care_Uhod_za_polost_rta.html?offer=45466,Отсутствует,2655₽,Hill's
1040778,"
		                Корм сухой кошек Гастроинтестинал Хэирбол Контрол, 400 г	                ",https://4lapy.ru/catalog/koshki/korm-koshki/sukhoy/korm-suhoy-koshek-gastrointestinal-heirbol-kontrol.html?offer=113375,Отсутствует,849₽,Royal Canin
1037150,"
		                Сухой корм Hills Science Plan для взрослых кошек для поддержания жизненной энергии и иммунитета, с курицей, 3 кг	                ",https://4lapy.ru/catalog/koshki/korm-koshki/sukhoy/hills-dlya-koshek-kurica-mesh-5kg.html?offer=104623,Отсутствует,2573₽,Hill's
1005390,"
		                Indoor 7+ корм для пожилых домашних кошек старше 7 лет, 1,5 кг	                ",https://4lapy.ru/catalog/koshki/korm-koshki/sukhoy/Royal_Canin_Indoor_Mature_27_korm_dlya_domashnih_koshek_starshe_7let.html?offer=41945,Отсутствует,1785₽,Royal Canin
1037157,"
		                Сухой корм Hills Science Plan для взрослых кошек для поддержания жизненной энергии и иммунитета, с уткой, 300 г	                ",https://4lapy.ru/catalog/koshki/korm-koshki/sukhoy/suhoy-korm-hills-science-plan-dlya-vzroslyh-koshek-dlya-podderzhaniya-zhiznennoy-energii-i-immuniteta-s-utkoy-300-g.html?offer=104633,Отсутствует,327₽,Hill's
1052552,"
		                Prescription Diet k-d, Mobility Kidney, Joint Care сухой корм для кошек для поддержания здоровья почек и суставов, 1,5 кг	                ",https://4lapy.ru/catalog/koshki/korm-koshki/sukhoy/pd-k-d-mob-korm-d-kosh-poch-sustavy-6h1-5kg.html?offer=143089,Отсутствует,3032₽,Hill's
1027321,"
		                Oral Care корм для кошек для профилактики образования зубного налета и зубного камня, 1,5 кг	                ",https://4lapy.ru/catalog/koshki/korm-koshki/sukhoy/korm-suhoy-dlya-koshek-royal-kanin-oral-kea-gigiena-polosti-rta-i-profilakt.html?offer=79962,Отсутствует,2205₽,Royal Canin
1029490,"
		                Kitten Sterilised корм сухой для котят от 6-12 месяцев, 2 кг	                ",https://4lapy.ru/catalog/koshki/korm-koshki/sukhoy/korm-suhoy-dlya-kotyat-royal-kanin-sterilayzd-pak-400-g.html?offer=84509,Отсутствует,2279₽,Royal Canin
1039996,"
		                Sterilised сухой корм для котят для стерилизованных с лососем, 1,5 кг	                ",https://4lapy.ru/catalog/koshki/korm-koshki/sukhoy/pro-plan-sterilised-kitten-salmon-8x400g.html?offer=112318,Отсутствует,1765₽,Pro Plan ®
1049924,"
		                Корм сухой для взрослых привередливых кошек с ягненком, 1 кг	                ",https://4lapy.ru/catalog/koshki/korm-koshki/sukhoy/korm-suhoy-dlya-vzroslyh-priveredlivyh-koshek-s-yagnenkom.html?offer=135830,Отсутствует,689₽,UnoCat
1019948,"
		                Siberian Adult корм для взрослых сибирских кошек старше 12 месяцев, 2 кг	                ",https://4lapy.ru/catalog/koshki/korm-koshki/sukhoy/Korm_suhoy_Royal_Kanin_dlya_koshek_Sibirskaya_koshka.html?offer=31132,Отсутствует,2699₽,Royal Canin
1016842,"
		                Adult Top Condition корм для кошек старше 1 года, с курицей, 400 г	                ",https://4lapy.ru/catalog/koshki/korm-koshki/sukhoy/Eukanuba_Adult_suhoy_korm_dlya_vzroslyh_koshek_kuritsapechen.html?offer=47007,Отсутствует,375₽,Eukanuba
1002778,"
		                Persian Adult корм для персидских кошек старше 12 месяцев, 2 кг	                ",https://4lapy.ru/catalog/koshki/korm-koshki/sukhoy/Royal_Canin_Persian_korm_suhoy_dlya_persidskih_koshek.html?offer=41930,Отсутствует,2699₽,Royal Canin
1006191,"
		                Original Adult Optisenses сухой корм для взрослых кошек с высоким содержанием лосося, 10 кг	                ",https://4lapy.ru/catalog/koshki/korm-koshki/sukhoy/Pro_Plan_Adult_suhoy_korm_dlya_koshekososris.html?offer=60677,1757,8396₽,Pro Plan ®
1054143,"
		                Kitten сухой корм для котят с курицей и цельными злаками, 750 г	                ",https://4lapy.ru/catalog/koshki/korm-koshki/sukhoy/korm-suhoy-dlya-kotyat-kurica-i-zlaki.html?offer=147247,Отсутствует,456₽,Purina One
1049921,"
		                Корм сухой для кошек старше 7 лет с цыпленком, 1 кг	                ",https://4lapy.ru/catalog/koshki/korm-koshki/sukhoy/korm-suhoy-dlya-koshek-starshe-7-let-s-cyplenkom.html?offer=135827,Отсутствует,689₽,UnoCat
1058017,"
		                Корм сухой для взрослых кошек, с индейкой и цельными злаками, 9,75 кг	                ",https://4lapy.ru/catalog/koshki/korm-koshki/sukhoy/korm-suhoy-dlya-vzroslyh-koshek-s-indeykoy-i-celnymi-zlakami-mesh-9-75kg.html?offer=157363,Отсутствует,4733₽,Purina One
1054139,"
		                Sterilised сухой корм для взрослых кошек для стерилизованных с курицей и цельными злаками, 1,5 кг	                ",https://4lapy.ru/catalog/koshki/korm-koshki/sukhoy/korm-suhoy-dlya-sterilizovannyh-koshek-kurica-i-zlaki.html?offer=147240,Отсутствует,807₽,Purina One
1026717,"
		                Protein Exigent корм для кошек, привередливых к составу продукта, 2 кг	                ",https://4lapy.ru/catalog/koshki/korm-koshki/sukhoy/korm-suhoy-royal-kanin-dlya-koshek-protein-ekzidzhent-pak-400-g.html?offer=76949,Отсутствует,2375₽,Royal Canin
1020025,"
		                Indoor Long Hair корм для длинношерстных кошек от 1 до 7 лет, 2 кг	                ",https://4lapy.ru/catalog/koshki/korm-koshki/sukhoy/Royal_Canin_Indoorong_Hair_korm_suhoy_dlya_domashnih_dlinnosherstnyh_koshek.html?offer=31133,Отсутствует,2375₽,Royal Canin
1052555,"
		                Science Plan беззерновой cухой корм для кошек с курицей и картошкой, 1,5 кг	                ",https://4lapy.ru/catalog/koshki/korm-koshki/sukhoy/sp-korm-d-vzr-kosh-b-z-kur-kart-6-1-5kg.html?offer=143095,Отсутствует,1813₽,Hill's
1042212,"
		                Light Weight Care корм сухой для кошек, склонных к набору лишнего веса, 1,5 кг	                ",https://4lapy.ru/catalog/koshki/korm-koshki/sukhoy/korm-suhoy-dlya-koshek-layt-veyt-kea.html?offer=117269,Отсутствует,2205₽,Royal Canin
1056726,"
		                Adult Sterilized Lightness Сухой корм для стерилизованных кошек, с уткой, 300 гр.	                ",https://4lapy.ru/catalog/koshki/korm-koshki/sukhoy/korm-suhoy-dlya-sterilizovannyh-koshek-laytness-s-utkoy-300-g.html?offer=155315,Отсутствует,369₽,UNICA
1054140,"
		                Sterilised сухой корм для взрослых кошек для стерилизованных с лососем и пшеницей, 1,5 кг	                ",https://4lapy.ru/catalog/koshki/korm-koshki/sukhoy/korm-suhoy-dlya-sterilizovannyh-koshek-losos-i-pshenica.html?offer=147242,949,807₽,Purina One
1027314,"
		                Prescription Diet k/d Kidney Care сухой корм для кошек, с тунцом, 1,5кг	                ",https://4lapy.ru/catalog/koshki/korm-koshki/sukhoy/hills-dieta-dlya-koshek-k-d-lechenie-zabolevaniy-pochek-profilaktika-mkb-ok.html?offer=79946,3069,2762₽,Hill's
1056728,"
		                Adult Large Breed Brillant-Hairball Сухой корм для кошек крупных пород, с курицей, 1,5 кг	                ",https://4lapy.ru/catalog/koshki/korm-koshki/sukhoy/korm-suhoy-dlya-koshek-krupnyh-porod-s-kuricey-1-5-kg.html?offer=155319,Отсутствует,1185₽,UNICA
1053916,"
		                Outdoor сухой корм для кошек с уткой, рисом и апельсинами, 1,5 кг	                ",https://4lapy.ru/catalog/koshki/korm-koshki/sukhoy/korm-suhoy-dlya-koshek-autdor-s-utkoy-risom-i-apelsinami.html?offer=146691,Отсутствует,1589₽,UNICA
1000717,"
		                Hair and Skin Care 33 корм для взрослых кошек в целях поддержания здоровья кожи и шерсти, 2 кг	                ",https://4lapy.ru/catalog/koshki/korm-koshki/sukhoy/Royal_Canin_Hair_Skin_33_suhoy_korm_dlya_koshek_dlya_zdorovya_shersti_i_kogi.html?offer=48615,Отсутствует,2935₽,Royal Canin
1008091,"
		                Prescription Diet c/d Multicare Urinary Stress Сухой диетический корм для кошек при профилактике цистита и мочекаменной болезни (мкб), в том числе вызванные стрессом, с курицей, 1,5 кг	                ",https://4lapy.ru/catalog/koshki/korm-koshki/sukhoy/Hills_CD_dieticheskiy_suhoy_korm_dlya_koshek_Urinary_Stress_kuritsey_1008091.html?offer=45824,2709,2438₽,Hill's
1052488,"
		                Корм для кошек с чувствительным пищеварением с индейкой, 1,5 кг	                ",https://4lapy.ru/catalog/koshki/korm-koshki/sukhoy/korm-dlya-koshek-s-chuvstvitelnym-pishchevareniem-s-indeykoy.html?offer=142897,Отсутствует,869₽,DELICANA
1054017,"
		                Kitten Development сухой корм для котят с курицей, 1,5 кг	                ",https://4lapy.ru/catalog/koshki/korm-koshki/sukhoy/korm-suhoy-dlya-kotyat-s-kuricey.html?offer=146986,Отсутствует,995₽,UNICA
1037136,"
		                Сухой корм Hills Science Plan для котят для здорового роста и развития, с курицей, 1,5 кг	                ",https://4lapy.ru/catalog/koshki/korm-koshki/sukhoy/Hills_suhoy_korm_dlya_kotyat_i_beremennyh_koshek_kuritsey.html?offer=104595,Отсутствует,1314₽,Hill's
1052490,"
		                Корм для стерилизованных кошек с кроликом, 1,5 кг	                ",https://4lapy.ru/catalog/koshki/korm-koshki/sukhoy/korm-dlya-sterilizovannyh-koshek-s-krolikom.html?offer=142899,Отсутствует,869₽,DELICANA
1039529,"
		                корм для стерилизованных кошек с форелью	                ",https://4lapy.ru/catalog/koshki/korm-koshki/sukhoy/korm-dlya-sterilizovannyh-koshek-s-forelyu1.html?offer=111428,Отсутствует,8595₽,Monge
1019305,"
		                Hepatic HF26 корм для кошек при заболеваниях печени, 2 кг	                ",https://4lapy.ru/catalog/koshki/korm-koshki/sukhoy/Royal_Canin_Hepatic_HF26_Feline_korm_suhoy_dieticheskiy_suhoy_korm_dlya_koshek_pri_boleznyah_pecheni.html?offer=43391,Отсутствует,3795₽,Royal Canin
1051386,"
		                Premium Cat Adult Chicken сухой корм для взрослых кошек с курицей, 2кг	                ",https://4lapy.ru/catalog/koshki/korm-koshki/sukhoy/premium-cat-adult-chicken-suhoy-korm-dlya-vzroslyh-koshek-s-kuricey-400g.html?offer=139519,Отсутствует,1089₽,Brit
1042275,"
		                Science Plan cухой корм для стерилизованных кошек в возрасте 6 месяцев - 6 лет, с уткой, 1,5кг	                ",https://4lapy.ru/catalog/koshki/korm-koshki/sukhoy/hills-suhoy-korm-dlya-sterilizovannyh-koshek-6mes-6let-s-utkoy-pak-300g.html?offer=117463,Отсутствует,1975₽,Hill's
1053742,"
		                Сухой корм для стерилизованных кошек с уткой и индейкой, 1,5 кг	                ",https://4lapy.ru/catalog/koshki/korm-koshki/sukhoy/korm-suhoy-dlya-sterilizovannyh-koshek-s-utkoy-i-indeykoy.html?offer=146239,1499,1274₽,AlphaPet
1009557,"
		                Veterinary Diets UR ST/OX Urinary сухой корм для взрослых кошек при болезнях нижних отделов мочевыводящих путей, с океанической рыбой, 1,5 кг	                ",https://4lapy.ru/catalog/koshki/korm-koshki/sukhoy/Purina_Veterinary_Diets_UR_dieticheskiy_suhoy_korm_dlya_koshek_pri_MKB_s_okeanicheskoy_ryboy.html?offer=42555,Отсутствует,2569₽,Purina
1042265,"
		                LiveClear Sterilised сухой корм для взрослых кошек для снижения количество аллергенов в шерсти с индейкой, 1,4 кг	                ",https://4lapy.ru/catalog/koshki/korm-koshki/sukhoy/suhoy-korm-pro-plan-liveclear-dlya-sterilizovannyh-koshek-i-kastrirovannyh-kotov-ot-1-goda-s-vysokim-soderzhaniem-indeyki-paket-1-4-kg.html?offer=117441,4475,1836₽,Pro Plan ®
1009847,"
		                Ageing Sterilised 12+ корм для стерилизованных кошек старше 12 лет, 2 кг	                ",https://4lapy.ru/catalog/koshki/korm-koshki/sukhoy/korm-suhoy-dlya-koshek-royal-kanin-sterilayzd-12-pak-400-g.html?offer=31128,Отсутствует,2239₽,Royal Canin
1039285,"
		                Indoor Корм сухой для домашних кошек, с индейкой, 1.5 кг	                ",https://4lapy.ru/catalog/koshki/korm-koshki/sukhoy/korm-suhoy-dlya-domashnih-koshek-s-indeykoy.html?offer=110855,1199,899₽,Wellkiss
1023787,"
		                Science Plan Sensitive Stomach Skin сухой корм для кошек для здоровья кожи и пищеварения, с курицей, 1,5кг	                ",https://4lapy.ru/catalog/koshki/korm-koshki/sukhoy/hills_suh_5kg_dlya_koshek_s_chuvstvitelnoy_kogey_i_geludkom_sensitivestomach_-_skin_1022815.html?offer=70056,Отсутствует,2289₽,Hill's
1054472,"
		                Veterinary Diets NF Renal Function Early care (Начальная стадия) сухой корм для взрослых кошек для поддержания функции почек при хронической почечной недостаточности, 1,5 кг	                ",https://4lapy.ru/catalog/koshki/korm-koshki/sukhoy/veterinary-diets-nf-suhoy-korm-early-care-dlya-podderzhaniya-funkcii-pochek-na-nachalnoy-stadii-350g.html?offer=148054,Отсутствует,3069₽,Purina
1000716,"
		                Fit 32 корм для бывающих на улице кошек в возрасте от 1 до 7 лет, 2 кг	                ",https://4lapy.ru/catalog/koshki/korm-koshki/sukhoy/Royal_Canin_Fit_32_suhoy_korm_dlya_koshek_s_umerennoy_aktivnostyu.html?offer=45707,487,2157₽,Royal Canin
1005199,"
		                Elegant сухой корм для взрослых кошек для здоровья шерсти и кожи с лососем, 1,5 кг	                ",https://4lapy.ru/catalog/koshki/korm-koshki/sukhoy/Pro_Plan_suhoy_korm_dlya_koshek_s_chuvstvitelnoy_kogey_so_vkusomososya_i_risa.html?offer=41895,1755,1492₽,Pro Plan ®
1049923,"
		                Корм сухой для взрослых стерилизованных кошек с цыпленком, лососем и рисом, 1 г	                ",https://4lapy.ru/catalog/koshki/korm-koshki/sukhoy/korm-suhoy-dlya-vzroslyh-sterilizovannyh-koshek-s-cyplenkom-lososem-i-risom.html?offer=135829,Отсутствует,729₽,UnoCat
1000721,"
		                Hairball Care корм для взрослых кошек в целях профилактики образования волосяных комочков в ЖКТ, 400 г	                ",https://4lapy.ru/catalog/koshki/korm-koshki/sukhoy/Royal_Canin_Intense_Hairball_34_suhoy_korm_dlya_koshek_dlya_vyvoda_shersti.html?offer=41909,Отсутствует,655₽,Royal Canin
1051383,"
		                Корм сухой для котят курица, 2кг	                ",https://4lapy.ru/catalog/koshki/korm-koshki/sukhoy/korm-suhoy-dlya-kotyat-kurica.html?offer=139515,Отсутствует,1085₽,Brit
1003673,"
		                Prescription Diet i/d Digestive Care сухой корм для кошек при расстройствах жкт, с курицей, 1,5кг	                ",https://4lapy.ru/catalog/koshki/korm-koshki/sukhoy/Hills_suhoy_korm_dlya_sobak_melkih_i_karlikovyh_porod_kuritsey.html?offer=42596,Отсутствует,2987₽,Hill's
1030461,"
		                Monoprotein Kitten Trout сухой корм для котят с форелью, 400г	                ",https://4lapy.ru/catalog/koshki/korm-koshki/sukhoy/korm-dlya-kotyat-s-forelyu.html?offer=86464,Отсутствует,535₽,Monge
1038356,"
		                Sterilised сухой корм для взрослых кошек для стерилизованных c уткой и печенью, 400 г	                ",https://4lapy.ru/catalog/koshki/korm-koshki/sukhoy/pro-plan-cat-d-ster-utka-pechen-400g.html?offer=108467,1957,575₽,Pro Plan ®
1000375,"
		                Diabetic DS46 корм для кошек при сахарном диабете, 1,5 кг	                ",https://4lapy.ru/catalog/koshki/korm-koshki/sukhoy/Royal_Canin_Diabetic_dieticheskiy_suhoy_korm_dlya_koshek_pri_saharnom_diabete.html?offer=42562,Отсутствует,2795₽,Royal Canin
1003030,"
		                Veterinary Diets OM ST/OX Obesity Management сухой корм для взрослых кошек для снижения избыточной массы тела., 1,5 кг	                ",https://4lapy.ru/catalog/koshki/korm-koshki/sukhoy/Purina_Veterinary_Diets_OM_dieticheskiy_suhoy_korm_dlya_koshek_pri_ogirenii.html?offer=42550,Отсутствует,3069₽,Purina
1049925,"
		                Корм сухой для взрослых домашних кошек с тунцом, лососем и рисом, 1 кг	                ",https://4lapy.ru/catalog/koshki/korm-koshki/sukhoy/korm-suhoy-dlya-vzroslyh-domashnih-koshek-s-tuncom-lososem-i-risom.html?offer=135832,Отсутствует,689₽,UnoCat
1053732,"
		                WOW Сухой корм для стерилизованных кошек с цыпленком, 1,5 кг	                ",https://4lapy.ru/catalog/koshki/korm-koshki/sukhoy/korm-suhoy-dlya-sterilizovannyh-koshek-s-cyplenkom.html?offer=146223,Отсутствует,839₽,AlphaPet
1051393,"
		                Premium Cat Sensitive сухой корм для кошек с чувствительным пищеварением с ягненком и индейкой, 2 кг	                ",https://4lapy.ru/catalog/koshki/korm-koshki/sukhoy/premium-cat-sensitive-suhoy-korm-dlya-koshek-s-chuvstvitelnym-pishchevareniem-s-yagnenkom-i-indeykoy-400g.html?offer=139527,Отсутствует,1279₽,Brit
1037482,"
		                Prescription Diet Gastrointestinal Biome сухой диетический корм для кошек при расстройствах пищеварения, c курицей, 1,5кг	                ",https://4lapy.ru/catalog/koshki/korm-koshki/sukhoy/hills-suh-1-5kg-d-koshek-biom-zabolevaniya-zhkt.html?offer=105178,Отсутствует,3479₽,Hill's
1037139,"
		                Сухой корм Hills Science Plan для взрослых кошек для поддержания жизненной энергии и иммунитета, с тунцом, 1,5 кг	                ",https://4lapy.ru/catalog/koshki/korm-koshki/sukhoy/Hills_Standard_suhoy_korm_dlya_koshek_tunets.html?offer=104601,Отсутствует,1362₽,Hill's
1015472,"
		                Science Plan Perfect Weight сухой корм для кошек, склонных к набору веса, с курицей, 1,5кг	                ",https://4lapy.ru/catalog/koshki/korm-koshki/sukhoy/Korm_dlya_koshek_Hills_idelnyy_ves_s_kuritsey.html?offer=31170,Отсутствует,1328₽,Hill's
1050321,"
		                OCEAN CAT корм сухой для взрослых кошек, с сельдью, тыквой и апельсином, 1,5кг	                ",https://4lapy.ru/catalog/koshki/korm-koshki/sukhoy/farmina-n-d-oushen-ket-seld-tykva-i-apelsin-dlya-vzroslyh-koshek-300g.html?offer=137193,Отсутствует,2915₽,Farmina
1048578,"
		                Nature Elements сухой корм для взрослых кошек для здоровья кожи и шерсти с индейкой, 1,4 кг	                ",https://4lapy.ru/catalog/koshki/korm-koshki/sukhoy/pro-plan-natel-koshka-pishch-ind-10x200g.html?offer=131692,1935,1548₽,Pro Plan ®
1053743,"
		                Сухой корм для взрослых кошек с чувствительным пищеварением с ягненком, 1,5 кг	                ",https://4lapy.ru/catalog/koshki/korm-koshki/sukhoy/korm-suhoy-dlya-vzroslyh-koshek-s-yagnenkom.html?offer=146241,Отсутствует,1567₽,AlphaPet
1020331,"
		                Kitten Maine Coon корм для котят породы мейн-кун в возрасте до 15 месяцев, 2 кг	                ",https://4lapy.ru/catalog/koshki/korm-koshki/sukhoy/Royal_Canin_suhoy_korm_dlya_kotyat_krupnyh_porod_Meyn_Kun_s_ptitsey.html?offer=43043,Отсутствует,2699₽,Royal Canin
1000015,"
		                Original сухой корм для взрослых кошек для поддержания здоровья почек с курицей, 400 г	                ",https://4lapy.ru/catalog/koshki/korm-koshki/sukhoy/Pro_Plan_Adult_suhoy_korm_dlya_koshek_kuritsaris.html?offer=41888,1757,525₽,Pro Plan ®
1052489,"
		                Корм для стерилизованных кошек с лососем, 1,5 кг	                ",https://4lapy.ru/catalog/koshki/korm-koshki/sukhoy/korm-dlya-sterilizovannyh-koshek-s-lososem.html?offer=142898,Отсутствует,879₽,DELICANA
1053758,"
		                Корм сухой для взрослых кошек, мясной рацион, 1,5 кг	                ",https://4lapy.ru/catalog/koshki/korm-koshki/sukhoy/korm-suhoy-dlya-vzroslyh-koshek-myasnoy-racion.html?offer=146268,Отсутствует,999₽,Sirius
1003601,"
		                Original сухой корм для котят с курицей, 1,5 кг	                ",https://4lapy.ru/catalog/koshki/korm-koshki/sukhoy/Pro_Plan_Kitten_suhoy_korm_dlya_kotyat_kuritsaris.html?offer=41890,Отсутствует,1765₽,Pro Plan ®
1052545,"
		                Prescription Diet c-d Multicare Stress сухой корм для кошек для уменьшения стресса с океанической рыбой, 1,5 кг	                ",https://4lapy.ru/catalog/koshki/korm-koshki/sukhoy/pd-c-d-korm-d-kosh-stress-ryba-6h400g.html?offer=143075,2709,2438₽,Hill's
1054473,"
		                Veterinary Diets NF Renal Function Advanced care (Поздняя стадия) сухой корм для взрослых кошек для поддержания функции почек при хронической почечной недостаточности, 1,5 кг	                ",https://4lapy.ru/catalog/koshki/korm-koshki/sukhoy/veterinary-diets-nf-suhoy-korm-advanced-care-dlya-podderzhaniya-funkcii-pochek-na-pozdney-stadii-1-5kg.html?offer=148056,Отсутствует,3069₽,Purina
1027899,"
		                Indoor корм для домашних кошек с низкой физической активностью, с курицей, 400 г	                ",https://4lapy.ru/catalog/koshki/korm-koshki/sukhoy/monge-cat-indoor-korm-dlya-domashnih-koshek-400g.html?offer=81105,Отсутствует,487₽,Monge
1049922,"
		                Корм сухой для котят с цыпленком и рисом, 1 кг	                ",https://4lapy.ru/catalog/koshki/korm-koshki/sukhoy/korm-suhoy-dlya-kotyat-s-cyplenkom-i-risom.html?offer=135828,Отсутствует,689₽,UnoCat
1004602,"
		                Prescription Diet l/d Liver Care сухой корм для кошек, с курицей, 1,5кг	                ",https://4lapy.ru/catalog/koshki/korm-koshki/sukhoy/Hills_LD_dieticheskiy_suhoy_korm_dlya_koshek_pri_zabolevaniyah_pecheni_1004602.html?offer=42600,Отсутствует,2777₽,Hill's
1031341,"
		                Prescription Diet c/d Multicare Stress and Metabolic Сухой диетический корм для кошек при профилактике цистита, вызванного стрессом и способствует снижению и контролю веса, с курицей, 1,5 кг	                ",https://4lapy.ru/catalog/koshki/korm-koshki/sukhoy/hills-suh-1-5kg-dlya-koshek-metabolik-stress.html?offer=89553,Отсутствует,2700₽,Hill's
1039283,"
		                Exigent Корм сухой для привередливых кошек, с ягненком, 1.5 кг	                ",https://4lapy.ru/catalog/koshki/korm-koshki/sukhoy/korm-suhoy-dlya-priveredlivyh-koshek-s-yagnenkom.html?offer=110852,Отсутствует,1199₽,Wellkiss
1054142,"
		                Sterilised сухой корм для взрослых кошек для стерилизованных с говядиной и пшеницей, 3 кг	                ",https://4lapy.ru/catalog/koshki/korm-koshki/sukhoy/korm-suhoy-dlya-sterilizovannyh-koshek-govyadina-i-pshenica.html?offer=147245,1685,1432₽,Purina One
1050327,"
		                OCEAN CAT корм сухой для взрослых кошек, с треской, спельтой, овсом и апельсином, 1,5кг	                ",https://4lapy.ru/catalog/koshki/korm-koshki/sukhoy/farmina-n-d-oushen-ket-treska-spelta-oves-i-apelsin-dlya-vzroslyh-koshek-300g.html?offer=137205,Отсутствует,2915₽,Farmina
1051390,"
		                Корм сухой для взрослых кошек лосось, 2кг	                ",https://4lapy.ru/catalog/koshki/korm-koshki/sukhoy/korm-suhoy-dlya-vzroslyh-koshek-losos.html?offer=139523,Отсутствует,1089₽,Brit
1053731,"
		                WOW Сухой корм для взрослых кошек с говядиной и печенью, 1,5 кг	                ",https://4lapy.ru/catalog/koshki/korm-koshki/sukhoy/korm-suhoy-dlya-vzroslyh-koshek-s-govyadinoy-i-pechenyu.html?offer=146221,Отсутствует,859₽,AlphaPet
1042266,"
		                LiveClear Sterilised сухой корм для взрослых кошек для снижения количество аллергенов в шерсти с лососем, 1,4 кг	                ",https://4lapy.ru/catalog/koshki/korm-koshki/sukhoy/suhoy-korm-pro-plan-liveclear-dlya-sterilizovannyh-koshek-i-kastrirovannyh-kotov-ot-1-goda-s-vysokim-soderzhaniem-lososya-paket-1-4-kg.html?offer=117443,Отсутствует,1836₽,Pro Plan ®
1015901,"
		                Veterinary Diets HP ST/OX Hepatic сухой корм для взрослых кошек для поддержания функции печени при хронической печеночной недостаточности, 1,5 кг	                ",https://4lapy.ru/catalog/koshki/korm-koshki/sukhoy/Purina_Veterinary_Diets_HP_dieticheskiy_suhoy_korm_dlya_koshek_patologiya_pecheni_15_kg_1015901.html?offer=48533,Отсутствует,3069₽,Purina
1002270,"
		                Сухой корм полнорационный диетический Veterinary Diets DM St/Ox Diabetes Management для взрослых кошек для регуляции поступления глюкозы (при сахарном диабете) с низким уровнем сахаров (моно- и дисахаридов) 1,5 кг	                ",https://4lapy.ru/catalog/koshki/korm-koshki/sukhoy/Purina_Veterinary_Diets_DM_dieticheskiy_suhoy_korm_dlya_koshek_pri_diabete_pak__15kg_1002270.html?offer=42542,Отсутствует,3069₽,Purina
1048572,"
		                Nature Elements сухой корм для взрослых кошек для стерилизованных с курицей, 1,4 кг	                ",https://4lapy.ru/catalog/koshki/korm-koshki/sukhoy/proplan-suh-1-4kg-d-kosh-nat-steril-kur.html?offer=131685,1935,1548₽,Pro Plan ®
1027319,"
		                Urinary Care корм для взрослых кошек в целях профилактики мочекаменной болезни, 2 кг	                ",https://4lapy.ru/catalog/koshki/korm-koshki/sukhoy/korm-suhoy-royal-kanin-dlya-koshek-urinari-pak-2-kg.html?offer=79958,Отсутствует,2935₽,Royal Canin
1053738,"
		                Сухой корм для взрослых кошек с говядиной и печенью, 1,5 кг	                ",https://4lapy.ru/catalog/koshki/korm-koshki/sukhoy/korm-suhoy-dlya-vzroslyh-koshek-s-govyadinoy-i-pechenyu1.html?offer=146232,Отсутствует,1529₽,AlphaPet
1043173,"
		                Vet Life Neutered Male диетический сухой корм для стерилизованных котов, с курицей, 400г	                ",https://4lapy.ru/catalog/koshki/korm-koshki/sukhoy/vet-life-natural-diet-cat-neutered-male-400-gr.html?offer=119995,Отсутствует,635₽,Farmina
1037142,"
		                Сухой корм Hills Science Plan для котят для здорового роста и развития, с тунцом, 1,5 кг	                ",https://4lapy.ru/catalog/koshki/korm-koshki/sukhoy/Hills_suhoy_korm_dlya_kotyat_i_beremennyh_koshek_tunets.html?offer=104607,Отсутствует,1314₽,Hill's
1053734,"
		                WOW Сухой корм для взрослых кошек с уткой, 1,5 кг	                ",https://4lapy.ru/catalog/koshki/korm-koshki/sukhoy/korm-suhoy-dlya-vzroslyh-koshek-s-utkoy.html?offer=146226,Отсутствует,835₽,AlphaPet
1030239,"
		                Sterilised сухой корм для взрослых кошек для поддержания органов чувств у стерилизованных с лососем, 400 г	                ",https://4lapy.ru/catalog/koshki/korm-koshki/sukhoy/proplan-suh-400g-dlya-sterilizovannyh-koshek-chuvstvitelnoe-pishchevarenie-s.html?offer=86133,1957,575₽,Pro Plan ®
1033922,"
		                Delicate сухой корм для пожилых кошек при чувствительном пищеварении с индейкой, 1,5 кг	                ",https://4lapy.ru/catalog/koshki/korm-koshki/sukhoy/proplan-suh-1-5kg-dlya-koshek-dlya-chuvstvitelnogo-pishchevareniya-7-sindeykoy.html?offer=93834,1755,1492₽,Pro Plan ®
1030636,"
		                Science Plan Urinary Sterilised сухой корм для взрослых кошек, стерилизованных и склонных к МКБ, 1,5кг	                ",https://4lapy.ru/catalog/koshki/korm-koshki/sukhoy/science-plan-sterilised-cat-urinary-health-korm-dlya-sterilizovannyhkoshek-s-kuricey.html?offer=86952,Отсутствует,2385₽,Hill's
1027297,"
		                Science Plan Hairball Control сухой корм для кошек старше 7 лет для выведения шерсти, с курицей, 1,5кг	                ",https://4lapy.ru/catalog/koshki/korm-koshki/sukhoy/hills-senior-hairball-control-dlya-pozhilyh-koshek-vyvod-shersti-iz-zheludka.html?offer=79925,Отсутствует,2655₽,Hill's
1052536,"
		                Prescription Diet Metabolic сухой корм для кошек для снижения и контроля веса с курицей, 3 кг	                ",https://4lapy.ru/catalog/koshki/korm-koshki/sukhoy/pd-meta-korm-d-kosh-korrek-vesa-3kg.html?offer=143061,Отсутствует,4465₽,Hill's
1037153,"
		                Сухой корм Hills Science Plan для котят для здорового роста и развития, с курицей, 3 кг	                ",https://4lapy.ru/catalog/koshki/korm-koshki/sukhoy/suhoy-korm-hills-science-plan-dlya-kotyat-dlya-zdorovogo-rosta-i-razvitiya-s-kuricey-3-kg.html?offer=104627,Отсутствует,2475₽,Hill's
1053759,"
		                Корм сухой для котят, с индейкой, 1,5 кг	                ",https://4lapy.ru/catalog/koshki/korm-koshki/sukhoy/korm-suhoy-dlya-kotyat-s-indeykoy.html?offer=146270,Отсутствует,1029₽,Sirius
1045493,"
		                Sterilised корм для стерилизованных кошек с треской, 1.5кг	                ",https://4lapy.ru/catalog/koshki/korm-koshki/sukhoy/korm-dlya-sterilizovannyh-koshek-s-treskoy.html?offer=125971,Отсутствует,1727₽,Monge
1018448,"
		                Adult Сухой корм для взрослых кошек, с лососем, 1,5 кг	                ",https://4lapy.ru/catalog/koshki/korm-koshki/sukhoy/Wellkiss_korm_suhoy_dlya_vzroslyh_koshek_sososem.html?offer=49573,Отсутствует,1199₽,Wellkiss
1037606,"
		                Skin & Coat сухой корм для стерилизованных кошек с чувствительной кожей и шерстью, 1,5 кг	                ",https://4lapy.ru/catalog/koshki/korm-koshki/sukhoy/korm-suhoy-dlya-koshek-skin-end-koat.html?offer=105703,Отсутствует,2245₽,Royal Canin
